,Subject,Trial,Jar,Bead,Response,Confidence,Correct,History
1000,5ce7c46d79642d0017767d94,10,1,1,1,0,1,00000000000
1001,5ce7c46d79642d0017767d94,11,1,1,1,0,1,00000000001
1002,5ce7c46d79642d0017767d94,12,1,1,1,1,1,00000000011
1003,5ce7c46d79642d0017767d94,13,1,1,1,1,1,00000000111
1004,5ce7c46d79642d0017767d94,14,1,1,1,1,1,00000001111
1005,5ce7c46d79642d0017767d94,15,1,1,1,1,1,00000011111
1006,5ce7c46d79642d0017767d94,16,1,1,1,1,1,00000111111
1007,5ce7c46d79642d0017767d94,17,1,0,1,1,0,00001111111
1008,5ce7c46d79642d0017767d94,18,1,0,1,1,0,00011111110
1009,5ce7c46d79642d0017767d94,19,1,1,1,1,1,00111111100
1010,5ce7c46d79642d0017767d94,20,1,1,1,1,1,01111111001
1011,5ce7c46d79642d0017767d94,21,1,0,1,1,0,01111110011
1012,5ce7c46d79642d0017767d94,22,1,1,1,1,1,01111100110
1013,5ce7c46d79642d0017767d94,23,1,1,1,1,1,01111001101
1014,5ce7c46d79642d0017767d94,24,1,1,1,1,1,01110011011
1015,5ce7c46d79642d0017767d94,25,1,1,1,1,1,01100110111
1016,5ce7c46d79642d0017767d94,26,1,1,1,1,1,01001101111
1017,5ce7c46d79642d0017767d94,27,1,1,1,1,1,00011011111
1018,5ce7c46d79642d0017767d94,28,1,0,1,1,0,00110111111
1019,5ce7c46d79642d0017767d94,29,1,1,1,1,1,01101111110
1020,5ce7c46d79642d0017767d94,30,1,0,1,1,0,01011111101
1021,5ce7c46d79642d0017767d94,31,1,1,1,1,1,00111111010
1022,5ce7c46d79642d0017767d94,32,1,0,1,1,0,01111110101
1023,5ce7c46d79642d0017767d94,33,1,1,1,1,1,01111101010
1024,5ce7c46d79642d0017767d94,34,1,1,1,1,1,01111010101
1025,5ce7c46d79642d0017767d94,35,1,1,1,1,1,01110101011
1026,5ce7c46d79642d0017767d94,36,1,1,1,1,1,01101010111
1027,5ce7c46d79642d0017767d94,37,1,1,1,1,1,01010101111
1028,5ce7c46d79642d0017767d94,38,1,1,1,1,1,00101011111
1029,5ce7c46d79642d0017767d94,39,1,0,1,1,0,01010111111
1030,5ce7c46d79642d0017767d94,40,1,1,1,1,1,00101111110
1031,5ce7c46d79642d0017767d94,41,1,1,1,1,1,01011111101
1032,5ce7c46d79642d0017767d94,42,1,1,1,1,1,00111111011
1033,5ce7c46d79642d0017767d94,43,1,0,1,1,0,01111110111
1034,5ce7c46d79642d0017767d94,44,1,1,1,1,1,01111101110
1035,5ce7c46d79642d0017767d94,45,1,1,1,1,1,01111011101
1036,5ce7c46d79642d0017767d94,46,1,0,1,1,0,01110111011
1037,5ce7c46d79642d0017767d94,47,1,1,1,1,1,01101110110
1038,5ce7c46d79642d0017767d94,48,1,0,1,1,0,01011101101
1039,5ce7c46d79642d0017767d94,49,1,1,1,1,1,00111011010
1040,5ce7c46d79642d0017767d94,50,1,1,1,1,1,01110110101
1041,5ce7c46d79642d0017767d94,51,1,0,1,1,0,01101101011
1042,5ce7c46d79642d0017767d94,52,1,1,1,1,1,01011010110
1043,5ce7c46d79642d0017767d94,53,1,1,1,1,1,00110101101
1044,5ce7c46d79642d0017767d94,54,1,0,1,1,0,01101011011
1045,5ce7c46d79642d0017767d94,55,1,1,1,1,1,01010110110
1046,5ce7c46d79642d0017767d94,56,1,1,1,1,1,00101101101
1047,5ce7c46d79642d0017767d94,57,1,1,1,1,1,01011011011
1048,5ce7c46d79642d0017767d94,58,1,1,1,1,1,00110110111
1049,5ce7c46d79642d0017767d94,59,1,1,1,1,1,01101101111
1050,5ce7c46d79642d0017767d94,60,1,1,1,1,1,01011011111
1051,5ce7c46d79642d0017767d94,61,1,1,1,1,1,00110111111
1052,5ce7c46d79642d0017767d94,62,1,1,1,1,1,01101111111
1053,5ce7c46d79642d0017767d94,63,1,1,1,1,1,01011111111
1054,5ce7c46d79642d0017767d94,64,1,1,1,1,1,00111111111
1055,5ce7c46d79642d0017767d94,65,1,0,1,1,0,01111111111
1056,5ce7c46d79642d0017767d94,66,1,1,1,1,1,01111111110
1057,5ce7c46d79642d0017767d94,67,1,1,1,1,1,01111111101
1058,5ce7c46d79642d0017767d94,68,1,1,1,1,1,01111111011
1059,5ce7c46d79642d0017767d94,69,1,1,1,1,1,01111110111
1060,5ce7c46d79642d0017767d94,70,1,1,1,1,1,01111101111
1061,5ce7c46d79642d0017767d94,71,1,1,1,1,1,01111011111
1062,5ce7c46d79642d0017767d94,72,1,1,1,1,1,01110111111
1063,5ce7c46d79642d0017767d94,73,1,1,1,1,1,01101111111
1064,5ce7c46d79642d0017767d94,74,1,0,1,1,0,01011111111
1065,5ce7c46d79642d0017767d94,75,1,1,1,1,1,00111111110
1066,5ce7c46d79642d0017767d94,76,1,1,1,1,1,01111111101
1067,5ce7c46d79642d0017767d94,77,1,0,1,1,0,01111111011
1068,5ce7c46d79642d0017767d94,78,1,1,1,1,1,01111110110
1069,5ce7c46d79642d0017767d94,79,1,1,1,1,1,01111101101
1070,5ce7c46d79642d0017767d94,80,1,1,1,1,1,01111011011
1071,5ce7c46d79642d0017767d94,81,1,1,1,1,1,01110110111
1072,5ce7c46d79642d0017767d94,82,1,1,1,1,1,01101101111
1073,5ce7c46d79642d0017767d94,83,1,1,1,1,1,01011011111
1074,5ce7c46d79642d0017767d94,84,1,0,1,1,0,00110111111
1075,5ce7c46d79642d0017767d94,85,1,1,1,1,1,01101111110
1076,5ce7c46d79642d0017767d94,86,1,1,1,1,1,01011111101
1077,5ce7c46d79642d0017767d94,87,1,1,1,1,1,00111111011
1078,5ce7c46d79642d0017767d94,88,1,1,1,1,1,01111110111
1079,5ce7c46d79642d0017767d94,89,1,1,1,1,1,01111101111
1080,5ce7c46d79642d0017767d94,90,1,1,1,1,1,01111011111
1081,5ce7c46d79642d0017767d94,91,1,1,1,1,1,01110111111
1082,5ce7c46d79642d0017767d94,92,1,1,1,1,1,01101111111
1083,5ce7c46d79642d0017767d94,93,1,0,1,1,0,01011111111
1084,5ce7c46d79642d0017767d94,94,1,1,1,1,1,00111111110
1085,5ce7c46d79642d0017767d94,95,1,0,1,1,0,01111111101
1086,5ce7c46d79642d0017767d94,96,1,1,1,1,1,01111111010
1087,5ce7c46d79642d0017767d94,97,1,0,1,1,0,01111110101
1088,5ce7c46d79642d0017767d94,98,1,0,1,1,0,01111101010
1089,5ce7c46d79642d0017767d94,99,1,1,1,1,1,01111010100
1090,5ce7c46d79642d0017767d94,100,1,1,1,1,1,01110101001
1091,5ce7c46d79642d0017767d94,101,1,1,1,1,1,01101010011
1092,5ce7c46d79642d0017767d94,102,1,1,1,1,1,01010100111
1093,5ce7c46d79642d0017767d94,103,1,1,1,1,1,00101001111
1094,5ce7c46d79642d0017767d94,104,1,1,1,1,1,01010011111
1095,5ce7c46d79642d0017767d94,105,1,1,1,1,1,00100111111
1096,5ce7c46d79642d0017767d94,106,1,1,1,1,1,01001111111
1097,5ce7c46d79642d0017767d94,107,1,0,1,1,0,00011111111
1098,5ce7c46d79642d0017767d94,108,1,0,1,1,0,00111111110
1099,5ce7c46d79642d0017767d94,109,1,1,1,1,1,01111111100
1100,5ce7c46d79642d0017767d94,110,1,0,1,1,0,01111111001
1101,5ce7c46d79642d0017767d94,111,1,0,1,1,0,01111110010
1102,5ce7c46d79642d0017767d94,112,1,0,1,1,0,01111100100
1103,5ce7c46d79642d0017767d94,113,1,1,1,0,1,01111001000
1104,5ce7c46d79642d0017767d94,114,1,0,1,0,0,01110010001
1105,5ce7c46d79642d0017767d94,115,0,0,0,0,1,01100100010
1106,5ce7c46d79642d0017767d94,116,0,0,0,0,1,01001000100
1107,5ce7c46d79642d0017767d94,117,0,0,0,1,1,00010001000
1108,5ce7c46d79642d0017767d94,118,0,0,0,1,1,00100010000
1109,5ce7c46d79642d0017767d94,119,0,0,0,1,1,01000100000
1110,5ce7c46d79642d0017767d94,120,0,0,0,1,1,00001000000
1111,5ce7c46d79642d0017767d94,121,0,0,0,1,1,00010000000
1112,5ce7c46d79642d0017767d94,122,0,1,0,1,0,00100000000
1113,5ce7c46d79642d0017767d94,123,0,0,0,1,1,01000000001
1114,5ce7c46d79642d0017767d94,124,0,0,0,1,1,00000000010
1115,5ce7c46d79642d0017767d94,125,0,1,0,1,0,00000000100
1116,5ce7c46d79642d0017767d94,126,0,0,0,1,1,00000001001
1117,5ce7c46d79642d0017767d94,127,0,0,0,1,1,00000010010
1118,5ce7c46d79642d0017767d94,128,0,0,0,1,1,00000100100
1119,5ce7c46d79642d0017767d94,129,0,1,0,1,0,00001001000
1120,5ce7c46d79642d0017767d94,130,0,0,0,1,1,00010010001
1121,5ce7c46d79642d0017767d94,131,0,0,0,1,1,00100100010
1122,5ce7c46d79642d0017767d94,132,0,0,0,1,1,01001000100
1123,5ce7c46d79642d0017767d94,133,0,0,0,1,1,00010001000
1124,5ce7c46d79642d0017767d94,134,0,1,0,1,0,00100010000
1125,5ce7c46d79642d0017767d94,135,0,1,0,1,0,01000100001
1126,5ce7c46d79642d0017767d94,136,0,0,0,1,1,00001000011
1127,5ce7c46d79642d0017767d94,137,0,0,0,1,1,00010000110
1128,5ce7c46d79642d0017767d94,138,0,0,0,1,1,00100001100
1129,5ce7c46d79642d0017767d94,139,0,0,0,1,1,01000011000
1130,5ce7c46d79642d0017767d94,140,0,0,0,1,1,00000110000
1131,5ce7c46d79642d0017767d94,141,0,0,0,1,1,00001100000
1132,5ce7c46d79642d0017767d94,142,0,0,0,1,1,00011000000
1133,5ce7c46d79642d0017767d94,143,0,0,0,1,1,00110000000
1134,5ce7c46d79642d0017767d94,144,0,0,0,1,1,01100000000
1135,5ce7c46d79642d0017767d94,145,0,0,0,1,1,01000000000
1136,5ce7c46d79642d0017767d94,146,0,0,0,1,1,00000000000
1137,5ce7c46d79642d0017767d94,147,0,0,0,1,1,00000000000
1138,5ce7c46d79642d0017767d94,148,0,0,0,1,1,00000000000
1139,5ce7c46d79642d0017767d94,149,1,1,0,1,0,00000000000
1140,5ce7c46d79642d0017767d94,150,1,1,0,1,0,00000000001
1141,5ce7c46d79642d0017767d94,151,1,1,0,1,0,00000000011
1142,5ce7c46d79642d0017767d94,152,1,1,1,0,1,00000000111
1143,5ce7c46d79642d0017767d94,153,1,0,1,1,0,00000001111
1144,5ce7c46d79642d0017767d94,154,1,1,1,1,1,00000011110
1145,5ce7c46d79642d0017767d94,155,1,1,1,1,1,00000111101
1146,5ce7c46d79642d0017767d94,156,1,1,1,1,1,00001111011
1147,5ce7c46d79642d0017767d94,157,1,0,1,1,0,00011110111
1148,5ce7c46d79642d0017767d94,158,1,1,1,1,1,00111101110
1149,5ce7c46d79642d0017767d94,159,1,1,1,1,1,01111011101
1150,5ce7c46d79642d0017767d94,160,1,1,1,1,1,01110111011
1151,5ce7c46d79642d0017767d94,161,1,1,1,1,1,01101110111
1152,5ce7c46d79642d0017767d94,162,1,1,1,1,1,01011101111
1153,5ce7c46d79642d0017767d94,163,1,1,1,1,1,00111011111
1154,5ce7c46d79642d0017767d94,164,1,1,1,1,1,01110111111
1155,5ce7c46d79642d0017767d94,165,1,1,1,1,1,01101111111
1156,5ce7c46d79642d0017767d94,166,1,1,1,1,1,01011111111
1157,5ce7c46d79642d0017767d94,167,1,1,1,1,1,00111111111
1158,5ce7c46d79642d0017767d94,168,1,1,1,1,1,01111111111
1159,5ce7c46d79642d0017767d94,169,1,1,1,1,1,01111111111
1160,5ce7c46d79642d0017767d94,170,1,1,1,1,1,01111111111
1161,5ce7c46d79642d0017767d94,171,1,1,1,1,1,01111111111
1162,5ce7c46d79642d0017767d94,172,1,1,1,1,1,01111111111
1163,5ce7c46d79642d0017767d94,173,1,1,1,1,1,01111111111
1164,5ce7c46d79642d0017767d94,174,1,1,1,1,1,01111111111
1165,5ce7c46d79642d0017767d94,175,1,1,1,1,1,01111111111
1166,5ce7c46d79642d0017767d94,176,1,1,1,1,1,01111111111
1167,5ce7c46d79642d0017767d94,177,1,1,1,1,1,01111111111
1168,5ce7c46d79642d0017767d94,178,1,1,1,1,1,01111111111
1169,5ce7c46d79642d0017767d94,179,1,1,1,1,1,01111111111
1170,5ce7c46d79642d0017767d94,180,1,1,1,1,1,01111111111
1171,5ce7c46d79642d0017767d94,181,1,1,1,1,1,01111111111
1172,5ce7c46d79642d0017767d94,182,1,1,1,1,1,01111111111
1173,5ce7c46d79642d0017767d94,183,1,1,1,1,1,01111111111
1174,5ce7c46d79642d0017767d94,184,1,1,1,1,1,01111111111
1175,5ce7c46d79642d0017767d94,185,1,0,1,1,0,01111111111
1176,5ce7c46d79642d0017767d94,186,1,1,1,1,1,01111111110
1177,5ce7c46d79642d0017767d94,187,1,1,1,1,1,01111111101
1178,5ce7c46d79642d0017767d94,188,1,1,1,1,1,01111111011
1179,5ce7c46d79642d0017767d94,189,0,0,1,1,0,01111110111
1180,5ce7c46d79642d0017767d94,190,0,0,1,1,0,01111101110
1181,5ce7c46d79642d0017767d94,191,0,0,1,0,0,01111011100
1182,5ce7c46d79642d0017767d94,192,0,0,0,1,1,01110111000
1183,5ce7c46d79642d0017767d94,193,0,0,0,1,1,01101110000
1184,5ce7c46d79642d0017767d94,194,0,0,0,1,1,01011100000
1185,5ce7c46d79642d0017767d94,195,0,0,0,1,1,00111000000
1186,5ce7c46d79642d0017767d94,196,0,0,0,1,1,01110000000
1187,5ce7c46d79642d0017767d94,197,0,0,0,1,1,01100000000
1188,5ce7c46d79642d0017767d94,198,0,0,0,1,1,01000000000
1189,5ce7c46d79642d0017767d94,199,0,0,0,1,1,00000000000
1190,5ce7c46d79642d0017767d94,200,0,0,0,1,1,00000000000
1191,5ce7c46d79642d0017767d94,201,0,0,0,1,1,00000000000
1192,5ce7c46d79642d0017767d94,202,0,0,0,1,1,00000000000
1193,5ce7c46d79642d0017767d94,203,0,0,0,1,1,00000000000
1194,5ce7c46d79642d0017767d94,204,0,1,0,1,0,00000000000
1195,5ce7c46d79642d0017767d94,205,0,0,0,1,1,00000000001
1196,5ce7c46d79642d0017767d94,206,0,0,0,1,1,00000000010
1197,5ce7c46d79642d0017767d94,207,0,0,0,1,1,00000000100
1198,5ce7c46d79642d0017767d94,208,0,0,0,1,1,00000001000
1199,5ce7c46d79642d0017767d94,209,0,0,0,1,1,00000010000
1200,5ce7c46d79642d0017767d94,210,0,1,0,1,0,00000100000
1201,5ce7c46d79642d0017767d94,211,0,1,0,1,0,00001000001
1202,5ce7c46d79642d0017767d94,212,0,0,0,0,1,00010000011
1203,5ce7c46d79642d0017767d94,213,0,0,0,1,1,00100000110
1204,5ce7c46d79642d0017767d94,214,0,0,0,1,1,01000001100
1205,5ce7c46d79642d0017767d94,215,0,0,0,1,1,00000011000
1206,5ce7c46d79642d0017767d94,216,0,0,0,1,1,00000110000
1207,5ce7c46d79642d0017767d94,217,0,0,0,1,1,00001100000
1208,5ce7c46d79642d0017767d94,218,0,0,0,1,1,00011000000
1209,5ce7c46d79642d0017767d94,219,0,0,0,1,1,00110000000
1210,5ce7c46d79642d0017767d94,220,0,0,0,1,1,01100000000
1211,5ce7c46d79642d0017767d94,221,0,0,0,1,1,01000000000
1212,5ce7c46d79642d0017767d94,222,0,0,0,1,1,00000000000
1213,5ce7c46d79642d0017767d94,223,0,0,0,1,1,00000000000
1214,5ce7c46d79642d0017767d94,224,0,0,0,1,1,00000000000
1215,5ce7c46d79642d0017767d94,225,0,0,0,1,1,00000000000
1216,5ce7c46d79642d0017767d94,226,0,0,0,1,1,00000000000
1217,5ce7c46d79642d0017767d94,227,0,0,0,1,1,00000000000
1218,5ce7c46d79642d0017767d94,228,0,0,0,1,1,00000000000
1219,5ce7c46d79642d0017767d94,229,0,1,0,1,0,00000000000
1220,5ce7c46d79642d0017767d94,230,0,0,0,1,1,00000000001
1221,5ce7c46d79642d0017767d94,231,0,0,0,1,1,00000000010
1222,5ce7c46d79642d0017767d94,232,0,0,0,1,1,00000000100
1223,5ce7c46d79642d0017767d94,233,0,0,0,1,1,00000001000
1224,5ce7c46d79642d0017767d94,234,0,0,0,1,1,00000010000
1225,5ce7c46d79642d0017767d94,235,0,1,0,1,0,00000100000
1226,5ce7c46d79642d0017767d94,236,0,1,0,1,0,00001000001
1227,5ce7c46d79642d0017767d94,237,0,0,0,0,1,00010000011
1228,5ce7c46d79642d0017767d94,238,0,1,0,1,0,00100000110
1229,5ce7c46d79642d0017767d94,239,0,0,0,0,1,01000001101
1230,5ce7c46d79642d0017767d94,240,0,0,0,0,1,00000011010
1231,5ce7c46d79642d0017767d94,241,0,0,0,1,1,00000110100
1232,5ce7c46d79642d0017767d94,242,0,0,0,1,1,00001101000
1233,5ce7c46d79642d0017767d94,243,0,0,0,1,1,00011010000
1234,5ce7c46d79642d0017767d94,244,0,0,0,1,1,00110100000
1235,5ce7c46d79642d0017767d94,245,0,1,0,1,0,01101000000
1236,5ce7c46d79642d0017767d94,246,0,0,0,1,1,01010000001
1237,5ce7c46d79642d0017767d94,247,0,0,0,1,1,00100000010
1238,5ce7c46d79642d0017767d94,248,0,0,0,1,1,01000000100
1239,5ce7c46d79642d0017767d94,249,0,1,0,1,0,00000001000
1240,5ce7c46d79642d0017767d94,250,0,0,0,1,1,00000010001
1241,5ce7c46d79642d0017767d94,251,0,0,0,1,1,00000100010
1242,5ce7c46d79642d0017767d94,252,0,1,0,1,0,00001000100
1243,5ce7c46d79642d0017767d94,253,0,0,0,1,1,00010001001
1244,5ce7c46d79642d0017767d94,254,0,0,0,1,1,00100010010
1245,5ce7c46d79642d0017767d94,255,0,1,0,1,0,01000100100
1246,5ce7c46d79642d0017767d94,256,0,0,0,1,1,00001001001
1247,5ce7c46d79642d0017767d94,257,0,0,0,1,1,00010010010
1248,5ce7c46d79642d0017767d94,258,0,0,0,1,1,00100100100
1249,5ce7c46d79642d0017767d94,259,0,0,0,1,1,01001001000
1250,5ce7c46d79642d0017767d94,260,0,1,0,1,0,00010010000
1251,5ce7c46d79642d0017767d94,261,0,1,0,1,0,00100100001
1252,5ce7c46d79642d0017767d94,262,0,0,0,0,1,01001000011
1253,5ce7c46d79642d0017767d94,263,0,0,0,0,1,00010000110
1254,5ce7c46d79642d0017767d94,264,0,0,0,1,1,00100001100
1255,5ce7c46d79642d0017767d94,265,0,1,0,1,0,01000011000
1256,5ce7c46d79642d0017767d94,266,0,0,0,1,1,00000110001
1257,5ce7c46d79642d0017767d94,267,0,0,0,1,1,00001100010
1258,5ce7c46d79642d0017767d94,268,0,0,0,1,1,00011000100
1259,5ce7c46d79642d0017767d94,269,0,0,0,1,1,00110001000
1260,5ce7c46d79642d0017767d94,270,0,1,0,1,0,01100010000
1261,5ce7c46d79642d0017767d94,271,0,1,0,1,0,01000100001
1262,5ce7c46d79642d0017767d94,272,0,1,0,0,0,00001000011
1263,5ce7c46d79642d0017767d94,273,0,0,1,1,0,00010000111
1264,5ce7c46d79642d0017767d94,274,0,1,1,1,1,00100001110
1265,5ce7c46d79642d0017767d94,275,0,1,1,1,1,01000011101
1266,5ce7c46d79642d0017767d94,276,0,0,1,1,0,00000111011
1267,5ce7c46d79642d0017767d94,277,0,0,1,1,0,00001110110
1268,5ce7c46d79642d0017767d94,278,0,1,1,0,1,00011101100
1269,5ce7c46d79642d0017767d94,279,0,0,1,0,0,00111011001
1270,5ce7c46d79642d0017767d94,280,0,0,0,0,1,01110110010
1271,5ce7c46d79642d0017767d94,281,0,0,0,1,1,01101100100
1272,5ce7c46d79642d0017767d94,282,0,0,0,1,1,01011001000
1273,5ce7c46d79642d0017767d94,283,0,0,0,1,1,00110010000
1274,5ce7c46d79642d0017767d94,284,0,0,0,1,1,01100100000
1275,5ce7c46d79642d0017767d94,285,0,0,0,1,1,01001000000
1276,5ce7c46d79642d0017767d94,286,0,0,0,1,1,00010000000
1277,5ce7c46d79642d0017767d94,287,0,0,0,1,1,00100000000
1278,5ce7c46d79642d0017767d94,288,0,0,0,1,1,01000000000
1279,5ce7c46d79642d0017767d94,289,0,1,0,1,0,00000000000
1280,5ce7c46d79642d0017767d94,290,0,0,0,1,1,00000000001
1281,5ce7c46d79642d0017767d94,291,0,0,0,1,1,00000000010
1282,5ce7c46d79642d0017767d94,292,0,0,0,1,1,00000000100
1283,5ce7c46d79642d0017767d94,293,0,0,0,1,1,00000001000
1284,5ce7c46d79642d0017767d94,294,0,0,0,1,1,00000010000
1285,5ce7c46d79642d0017767d94,295,0,0,0,1,1,00000100000
1286,5ce7c46d79642d0017767d94,296,0,0,0,1,1,00001000000
1287,5ce7c46d79642d0017767d94,297,0,0,0,1,1,00010000000
1288,5ce7c46d79642d0017767d94,298,0,0,0,1,1,00100000000
1289,5ce7c46d79642d0017767d94,299,0,0,0,1,1,01000000000
1290,5ce7c46d79642d0017767d94,300,1,1,0,1,0,00000000000
1291,5ce7c46d79642d0017767d94,301,1,0,0,1,1,00000000001
1292,5ce7c46d79642d0017767d94,302,1,1,0,1,0,00000000010
1293,5ce7c46d79642d0017767d94,303,1,1,0,1,0,00000000101
1294,5ce7c46d79642d0017767d94,304,1,1,1,0,1,00000001011
1295,5ce7c46d79642d0017767d94,305,1,1,1,1,1,00000010111
1296,5ce7c46d79642d0017767d94,306,1,0,1,1,0,00000101111
1297,5ce7c46d79642d0017767d94,307,1,1,1,1,1,00001011110
1298,5ce7c46d79642d0017767d94,308,1,0,1,1,0,00010111101
1299,5ce7c46d79642d0017767d94,309,1,1,1,1,1,00101111010
1300,5ce7c46d79642d0017767d94,310,1,0,1,1,0,01011110101
1301,5ce7c46d79642d0017767d94,311,1,0,1,0,0,00111101010
1302,5ce7c46d79642d0017767d94,312,1,1,0,0,0,01111010100
1303,5ce7c46d79642d0017767d94,313,1,1,1,0,1,01110101001
1304,5ce7c46d79642d0017767d94,314,1,1,1,1,1,01101010011
1305,5ce7c46d79642d0017767d94,315,1,1,1,1,1,01010100111
1306,5ce7c46d79642d0017767d94,316,1,0,1,1,0,00101001111
1307,5ce7c46d79642d0017767d94,317,1,1,1,1,1,01010011110
1308,5ce7c46d79642d0017767d94,318,0,0,1,1,0,00100111101
1309,5ce7c46d79642d0017767d94,319,0,0,1,1,0,01001111010
1310,5ce7c46d79642d0017767d94,320,0,0,0,0,1,00011110100
1311,5ce7c46d79642d0017767d94,321,0,1,0,0,0,00111101000
1312,5ce7c46d79642d0017767d94,322,0,0,0,0,1,01111010001
1313,5ce7c46d79642d0017767d94,323,0,0,0,1,1,01110100010
1314,5ce7c46d79642d0017767d94,324,0,0,0,1,1,01101000100
1315,5ce7c46d79642d0017767d94,325,0,1,0,1,0,01010001000
1316,5ce7c46d79642d0017767d94,326,0,1,0,0,0,00100010001
1317,5ce7c46d79642d0017767d94,327,0,0,1,0,0,01000100011
1318,5ce7c46d79642d0017767d94,328,0,0,0,0,1,00001000110
1319,5ce7c46d79642d0017767d94,329,0,0,0,1,1,00010001100
1320,5ce7c46d79642d0017767d94,330,0,0,0,1,1,00100011000
1321,5ce7c46d79642d0017767d94,331,0,0,0,1,1,01000110000
1322,5ce7c46d79642d0017767d94,332,0,0,0,1,1,00001100000
1323,5ce7c46d79642d0017767d94,333,0,0,0,1,1,00011000000
1324,5ce7c46d79642d0017767d94,334,0,0,0,1,1,00110000000
1325,5ce7c46d79642d0017767d94,335,0,1,0,1,0,01100000000
1326,5ce7c46d79642d0017767d94,336,0,0,0,1,1,01000000001
1327,5ce7c46d79642d0017767d94,337,0,0,0,1,1,00000000010
1328,5ce7c46d79642d0017767d94,338,0,0,0,1,1,00000000100
1329,5ce7c46d79642d0017767d94,339,0,1,0,1,0,00000001000
1330,5ce7c46d79642d0017767d94,340,0,0,0,1,1,00000010001
1331,5ce7c46d79642d0017767d94,341,0,0,0,1,1,00000100010
1332,5ce7c46d79642d0017767d94,342,0,0,0,1,1,00001000100
1333,5ce7c46d79642d0017767d94,343,0,0,0,1,1,00010001000
1334,5ce7c46d79642d0017767d94,344,0,0,0,1,1,00100010000
1335,5ce7c46d79642d0017767d94,345,0,0,0,1,1,01000100000
1336,5ce7c46d79642d0017767d94,346,0,0,0,1,1,00001000000
1337,5ce7c46d79642d0017767d94,347,0,1,0,1,0,00010000000
1338,5ce7c46d79642d0017767d94,348,0,0,0,1,1,00100000001
1339,5ce7c46d79642d0017767d94,349,0,1,0,1,0,01000000010
1340,5ce7c46d79642d0017767d94,350,0,0,0,1,1,00000000101
1341,5ce7c46d79642d0017767d94,351,0,1,0,1,0,00000001010
1342,5ce7c46d79642d0017767d94,352,0,0,0,0,1,00000010101
1343,5ce7c46d79642d0017767d94,353,0,0,0,1,1,00000101010
1344,5ce7c46d79642d0017767d94,354,0,0,0,1,1,00001010100
1345,5ce7c46d79642d0017767d94,355,0,0,0,1,1,00010101000
1346,5ce7c46d79642d0017767d94,356,0,0,0,1,1,00101010000
1347,5ce7c46d79642d0017767d94,357,0,0,0,1,1,01010100000
1348,5ce7c46d79642d0017767d94,358,0,0,0,1,1,00101000000
1349,5ce7c46d79642d0017767d94,359,0,0,0,1,1,01010000000
1350,5ce7c46d79642d0017767d94,360,0,0,0,1,1,00100000000
1351,5ce7c46d79642d0017767d94,361,0,0,0,1,1,01000000000
1352,5ce7c46d79642d0017767d94,362,0,0,0,1,1,00000000000
1353,5ce7c46d79642d0017767d94,363,0,0,0,1,1,00000000000
1354,5ce7c46d79642d0017767d94,364,0,1,0,1,0,00000000000
1355,5ce7c46d79642d0017767d94,365,0,0,0,1,1,00000000001
1356,5ce7c46d79642d0017767d94,366,0,0,0,1,1,00000000010
1357,5ce7c46d79642d0017767d94,367,0,0,0,1,1,00000000100
1358,5ce7c46d79642d0017767d94,368,0,0,0,1,1,00000001000
1359,5ce7c46d79642d0017767d94,369,0,0,0,1,1,00000010000
1360,5ce7c46d79642d0017767d94,370,0,0,0,1,1,00000100000
1361,5ce7c46d79642d0017767d94,371,0,0,0,1,1,00001000000
1362,5ce7c46d79642d0017767d94,372,0,1,0,1,0,00010000000
1363,5ce7c46d79642d0017767d94,373,0,0,0,1,1,00100000001
1364,5ce7c46d79642d0017767d94,374,0,0,0,1,1,01000000010
1365,5ce7c46d79642d0017767d94,375,0,0,0,1,1,00000000100
1366,5ce7c46d79642d0017767d94,376,0,0,0,1,1,00000001000
1367,5ce7c46d79642d0017767d94,377,0,1,0,1,0,00000010000
1368,5ce7c46d79642d0017767d94,378,0,1,0,1,0,00000100001
1369,5ce7c46d79642d0017767d94,379,0,1,0,0,0,00001000011
1370,5ce7c46d79642d0017767d94,380,0,0,1,1,0,00010000111
1371,5ce7c46d79642d0017767d94,381,0,0,1,1,0,00100001110
1372,5ce7c46d79642d0017767d94,382,0,1,0,1,0,01000011100
1373,5ce7c46d79642d0017767d94,383,0,0,1,0,0,00000111001
1374,5ce7c46d79642d0017767d94,384,0,0,0,1,1,00001110010
1375,5ce7c46d79642d0017767d94,385,0,0,0,1,1,00011100100
1376,5ce7c46d79642d0017767d94,386,0,0,0,1,1,00111001000
1377,5ce7c46d79642d0017767d94,387,0,0,0,1,1,01110010000
1378,5ce7c46d79642d0017767d94,388,0,0,0,1,1,01100100000
1379,5ce7c46d79642d0017767d94,389,0,0,0,1,1,01001000000
1380,5ce7c46d79642d0017767d94,390,0,0,0,1,1,00010000000
1381,5ce7c46d79642d0017767d94,391,0,0,0,1,1,00100000000
1382,5ce7c46d79642d0017767d94,392,0,0,0,1,1,01000000000
1383,5ce7c46d79642d0017767d94,393,0,0,0,1,1,00000000000
1384,5ce7c46d79642d0017767d94,394,0,1,0,1,0,00000000000
1385,5ce7c46d79642d0017767d94,395,0,0,0,1,1,00000000001
1386,5ce7c46d79642d0017767d94,396,0,0,0,1,1,00000000010
1387,5ce7c46d79642d0017767d94,397,0,0,0,1,1,00000000100
1388,5ce7c46d79642d0017767d94,398,0,0,0,1,1,00000001000
1389,5ce7c46d79642d0017767d94,399,0,0,0,1,1,00000010000
1390,5ce7c46d79642d0017767d94,400,0,0,0,1,1,00000100000
1391,5ce7c46d79642d0017767d94,401,0,0,0,1,1,00001000000
1392,5ce7c46d79642d0017767d94,402,0,1,0,1,0,00010000000
1393,5ce7c46d79642d0017767d94,403,0,0,0,1,1,00100000001
1394,5ce7c46d79642d0017767d94,404,0,0,0,1,1,01000000010
1395,5ce7c46d79642d0017767d94,405,0,1,0,1,0,00000000100
1396,5ce7c46d79642d0017767d94,406,0,1,0,1,0,00000001001
1397,5ce7c46d79642d0017767d94,407,0,0,0,0,1,00000010011
1398,5ce7c46d79642d0017767d94,408,0,0,0,0,1,00000100110
1399,5ce7c46d79642d0017767d94,409,0,0,0,1,1,00001001100
1400,5ce7c46d79642d0017767d94,410,0,0,0,1,1,00010011000
1401,5ce7c46d79642d0017767d94,411,0,0,0,1,1,00100110000
1402,5ce7c46d79642d0017767d94,412,0,0,0,1,1,01001100000
1403,5ce7c46d79642d0017767d94,413,0,0,0,1,1,00011000000
1404,5ce7c46d79642d0017767d94,414,0,0,0,1,1,00110000000
1405,5ce7c46d79642d0017767d94,415,0,0,0,1,1,01100000000
1406,5ce7c46d79642d0017767d94,416,0,0,0,1,1,01000000000
1407,5ce7c46d79642d0017767d94,417,0,0,0,1,1,00000000000
1408,5ce7c46d79642d0017767d94,418,0,0,0,1,1,00000000000
1409,5ce7c46d79642d0017767d94,419,0,0,0,1,1,00000000000
1410,5ce7c46d79642d0017767d94,420,0,0,0,1,1,00000000000
1411,5ce7c46d79642d0017767d94,421,0,0,0,1,1,00000000000
1412,5ce7c46d79642d0017767d94,422,0,0,0,1,1,00000000000
1413,5ce7c46d79642d0017767d94,423,0,0,0,1,1,00000000000
1414,5ce7c46d79642d0017767d94,424,0,0,0,1,1,00000000000
1415,5ce7c46d79642d0017767d94,425,0,0,0,1,1,00000000000
1416,5ce7c46d79642d0017767d94,426,0,1,0,1,0,00000000000
1417,5ce7c46d79642d0017767d94,427,0,0,0,1,1,00000000001
1418,5ce7c46d79642d0017767d94,428,0,1,0,1,0,00000000010
1419,5ce7c46d79642d0017767d94,429,0,0,0,0,1,00000000101
1420,5ce7c46d79642d0017767d94,430,0,0,0,1,1,00000001010
1421,5ce7c46d79642d0017767d94,431,0,0,0,1,1,00000010100
1422,5ce7c46d79642d0017767d94,432,0,0,0,1,1,00000101000
1423,5ce7c46d79642d0017767d94,433,0,0,0,1,1,00001010000
1424,5ce7c46d79642d0017767d94,434,0,0,0,1,1,00010100000
1425,5ce7c46d79642d0017767d94,435,0,0,0,1,1,00101000000
1426,5ce7c46d79642d0017767d94,436,0,0,0,1,1,01010000000
1427,5ce7c46d79642d0017767d94,437,0,0,0,1,1,00100000000
1428,5ce7c46d79642d0017767d94,438,0,0,0,1,1,01000000000
1429,5ce7c46d79642d0017767d94,439,0,0,0,1,1,00000000000
1430,5ce7c46d79642d0017767d94,440,0,0,0,1,1,00000000000
1431,5ce7c46d79642d0017767d94,441,0,0,0,1,1,00000000000
1432,5ce7c46d79642d0017767d94,442,0,0,0,1,1,00000000000
1433,5ce7c46d79642d0017767d94,443,0,0,0,1,1,00000000000
1434,5ce7c46d79642d0017767d94,444,0,0,0,1,1,00000000000
1435,5ce7c46d79642d0017767d94,445,0,0,0,1,1,00000000000
1436,5ce7c46d79642d0017767d94,446,0,0,0,1,1,00000000000
1437,5ce7c46d79642d0017767d94,447,0,0,0,1,1,00000000000
1438,5ce7c46d79642d0017767d94,448,0,0,0,1,1,00000000000
1439,5ce7c46d79642d0017767d94,449,0,0,0,1,1,00000000000
1440,5ce7c46d79642d0017767d94,450,0,0,0,1,1,00000000000
1441,5ce7c46d79642d0017767d94,451,0,0,0,1,1,00000000000
1442,5ce7c46d79642d0017767d94,452,0,1,0,1,0,00000000000
1443,5ce7c46d79642d0017767d94,453,0,0,0,1,1,00000000001
1444,5ce7c46d79642d0017767d94,454,0,0,0,1,1,00000000010
1445,5ce7c46d79642d0017767d94,455,0,0,0,1,1,00000000100
1446,5ce7c46d79642d0017767d94,456,0,0,0,1,1,00000001000
1447,5ce7c46d79642d0017767d94,457,0,0,0,1,1,00000010000
1448,5ce7c46d79642d0017767d94,458,0,0,0,1,1,00000100000
1449,5ce7c46d79642d0017767d94,459,0,0,0,1,1,00001000000
1450,5ce7c46d79642d0017767d94,460,0,0,0,1,1,00010000000
1451,5ce7c46d79642d0017767d94,461,0,1,0,1,0,00100000000
1452,5ce7c46d79642d0017767d94,462,0,0,0,1,1,01000000001
1453,5ce7c46d79642d0017767d94,463,0,0,0,1,1,00000000010
1454,5ce7c46d79642d0017767d94,464,0,1,0,1,0,00000000100
1455,5ce7c46d79642d0017767d94,465,0,1,0,1,0,00000001001
1456,5ce7c46d79642d0017767d94,466,0,0,0,0,1,00000010011
1457,5ce7c46d79642d0017767d94,467,0,0,0,0,1,00000100110
1458,5ce7c46d79642d0017767d94,468,0,0,0,1,1,00001001100
1459,5ce7c46d79642d0017767d94,469,0,0,0,1,1,00010011000
1460,5ce7c46d79642d0017767d94,470,0,0,0,1,1,00100110000
1461,5ce7c46d79642d0017767d94,471,0,0,0,1,1,01001100000
1462,5ce7c46d79642d0017767d94,472,0,1,0,1,0,00011000000
1463,5ce7c46d79642d0017767d94,473,0,0,0,1,1,00110000001
1464,5ce7c46d79642d0017767d94,474,0,0,0,1,1,01100000010
1465,5ce7c46d79642d0017767d94,475,0,0,0,1,1,01000000100
1466,5ce7c46d79642d0017767d94,476,0,1,0,1,0,00000001000
1467,5ce7c46d79642d0017767d94,477,0,0,0,1,1,00000010001
1468,5ce7c46d79642d0017767d94,478,0,0,0,1,1,00000100010
1469,5ce7c46d79642d0017767d94,479,0,0,0,1,1,00001000100
1470,5ce7c46d79642d0017767d94,480,0,0,0,1,1,00010001000
1471,5ce7c46d79642d0017767d94,481,0,1,0,1,0,00100010000
1472,5ce7c46d79642d0017767d94,482,0,0,0,1,1,01000100001
1473,5ce7c46d79642d0017767d94,483,0,0,0,1,1,00001000010
1474,5ce7c46d79642d0017767d94,484,0,1,0,1,0,00010000100
1475,5ce7c46d79642d0017767d94,485,0,1,0,1,0,00100001001
1476,5ce7c46d79642d0017767d94,486,0,0,0,0,1,01000010011
1477,5ce7c46d79642d0017767d94,487,0,0,0,0,1,00000100110
1478,5ce7c46d79642d0017767d94,488,0,1,0,1,0,00001001100
1479,5ce7c46d79642d0017767d94,489,0,0,0,0,1,00010011001
1480,5ce7c46d79642d0017767d94,490,0,0,0,1,1,00100110010
1481,5ce7c46d79642d0017767d94,491,0,0,0,1,1,01001100100
1482,5ce7c46d79642d0017767d94,492,0,0,0,1,1,00011001000
1483,5ce7c46d79642d0017767d94,493,0,0,0,1,1,00110010000
1484,5ce7c46d79642d0017767d94,494,0,1,0,1,0,01100100000
1485,5ce7c46d79642d0017767d94,495,0,0,0,1,1,01001000001
1486,5ce7c46d79642d0017767d94,496,0,0,0,1,1,00010000010
1487,5ce7c46d79642d0017767d94,497,0,0,0,1,1,00100000100
1488,5ce7c46d79642d0017767d94,498,0,0,0,1,1,01000001000
1489,5ce7c46d79642d0017767d94,499,0,0,0,1,1,00000010000
1490,5ce7c46d79642d0017767d94,500,0,0,0,1,1,00000100000
1491,5ce7c46d79642d0017767d94,501,0,0,0,1,1,00001000000
1492,5ce7c46d79642d0017767d94,502,0,0,0,1,1,00010000000
1493,5ce7c46d79642d0017767d94,503,0,0,0,1,1,00100000000
1494,5ce7c46d79642d0017767d94,504,0,0,0,1,1,01000000000
1495,5ce7c46d79642d0017767d94,505,0,1,0,1,0,00000000000
1496,5ce7c46d79642d0017767d94,506,0,0,0,1,1,00000000001
1497,5ce7c46d79642d0017767d94,507,0,1,0,1,0,00000000010
1498,5ce7c46d79642d0017767d94,508,0,0,0,0,1,00000000101
1499,5ce7c46d79642d0017767d94,509,0,1,0,1,0,00000001010
1500,5ce7c46d79642d0017767d94,510,1,0,1,0,0,00000010101
1501,5ce7c46d79642d0017767d94,511,1,0,0,0,1,00000101010
1502,5ce7c46d79642d0017767d94,512,1,1,0,1,0,00001010100
1503,5ce7c46d79642d0017767d94,513,1,1,0,0,0,00010101001
1504,5ce7c46d79642d0017767d94,514,1,0,1,0,0,00101010011
1505,5ce7c46d79642d0017767d94,515,1,1,0,0,0,01010100110
1506,5ce7c46d79642d0017767d94,516,1,1,1,0,1,00101001101
1507,5ce7c46d79642d0017767d94,517,1,1,1,1,1,01010011011
1508,5ce7c46d79642d0017767d94,518,1,1,1,1,1,00100110111
1509,5ce7c46d79642d0017767d94,519,1,0,1,1,0,01001101111
1510,5ce7c46d79642d0017767d94,520,1,1,1,1,1,00011011110
1511,5ce7c46d79642d0017767d94,521,1,1,1,1,1,00110111101
1512,5ce7c46d79642d0017767d94,522,0,0,1,1,0,01101111011
1513,5ce7c46d79642d0017767d94,523,0,0,1,1,0,01011110110
1514,5ce7c46d79642d0017767d94,524,0,0,0,0,1,00111101100
1515,5ce7c46d79642d0017767d94,525,0,0,0,1,1,01111011000
1516,5ce7c46d79642d0017767d94,526,0,0,0,1,1,01110110000
1517,5ce7c46d79642d0017767d94,527,0,0,0,1,1,01101100000
1518,5ce7c46d79642d0017767d94,528,0,0,0,1,1,01011000000
1519,5ce7c46d79642d0017767d94,529,0,0,0,1,1,00110000000
1520,5ce7c46d79642d0017767d94,530,0,0,0,1,1,01100000000
1521,5ce7c46d79642d0017767d94,531,0,0,0,1,1,01000000000
1522,5ce7c46d79642d0017767d94,532,0,1,0,1,0,00000000000
1523,5ce7c46d79642d0017767d94,533,0,0,0,1,1,00000000001
1524,5ce7c46d79642d0017767d94,534,0,1,0,1,0,00000000010
1525,5ce7c46d79642d0017767d94,535,0,1,0,0,0,00000000101
1526,5ce7c46d79642d0017767d94,536,0,0,1,0,0,00000001011
1527,5ce7c46d79642d0017767d94,537,0,0,0,0,1,00000010110
1528,5ce7c46d79642d0017767d94,538,0,0,0,1,1,00000101100
1529,5ce7c46d79642d0017767d94,539,0,0,0,1,1,00001011000
1530,5ce7c46d79642d0017767d94,540,0,0,0,1,1,00010110000
1531,5ce7c46d79642d0017767d94,541,1,1,0,1,0,00101100000
1532,5ce7c46d79642d0017767d94,542,1,0,0,0,1,01011000001
1533,5ce7c46d79642d0017767d94,543,1,1,0,1,0,00110000010
1534,5ce7c46d79642d0017767d94,544,1,1,0,1,0,01100000101
1535,5ce7c46d79642d0017767d94,545,1,1,1,0,1,01000001011
1536,5ce7c46d79642d0017767d94,546,1,0,1,1,0,00000010111
1537,5ce7c46d79642d0017767d94,547,1,1,1,0,1,00000101110
1538,5ce7c46d79642d0017767d94,548,1,1,1,1,1,00001011101
1539,5ce7c46d79642d0017767d94,549,1,1,1,1,1,00010111011
1540,5ce7c46d79642d0017767d94,550,1,1,1,1,1,00101110111
1541,5ce7c46d79642d0017767d94,551,1,1,1,1,1,01011101111
1542,5ce7c46d79642d0017767d94,552,1,1,1,1,1,00111011111
1543,5ce7c46d79642d0017767d94,553,1,1,1,1,1,01110111111
1544,5ce7c46d79642d0017767d94,554,1,1,1,1,1,01101111111
1545,5ce7c46d79642d0017767d94,555,1,0,1,1,0,01011111111
1546,5ce7c46d79642d0017767d94,556,1,1,1,1,1,00111111110
1547,5ce7c46d79642d0017767d94,557,1,0,1,1,0,01111111101
1548,5ce7c46d79642d0017767d94,558,1,1,1,0,1,01111111010
1549,5ce7c46d79642d0017767d94,559,1,1,1,1,1,01111110101
1550,5ce7c46d79642d0017767d94,560,1,1,1,1,1,01111101011
1551,5ce7c46d79642d0017767d94,561,1,1,1,1,1,01111010111
1552,5ce7c46d79642d0017767d94,562,1,1,1,1,1,01110101111
1553,5ce7c46d79642d0017767d94,563,1,1,1,1,1,01101011111
1554,5ce7c46d79642d0017767d94,564,1,1,1,1,1,01010111111
1555,5ce7c46d79642d0017767d94,565,1,1,1,1,1,00101111111
1556,5ce7c46d79642d0017767d94,566,1,0,1,1,0,01011111111
1557,5ce7c46d79642d0017767d94,567,1,1,1,1,1,00111111110
1558,5ce7c46d79642d0017767d94,568,1,0,1,1,0,01111111101
1559,5ce7c46d79642d0017767d94,569,1,1,1,1,1,01111111010
1560,5ce7c46d79642d0017767d94,570,1,1,1,1,1,01111110101
1561,5ce7c46d79642d0017767d94,571,1,1,1,1,1,01111101011
1562,5ce7c46d79642d0017767d94,572,1,1,1,1,1,01111010111
1563,5ce7c46d79642d0017767d94,573,1,1,1,1,1,01110101111
1564,5ce7c46d79642d0017767d94,574,1,1,1,1,1,01101011111
1565,5ce7c46d79642d0017767d94,575,1,1,1,1,1,01010111111
1566,5ce7c46d79642d0017767d94,576,1,0,1,1,0,00101111111
1567,5ce7c46d79642d0017767d94,577,1,1,1,1,1,01011111110
1568,5ce7c46d79642d0017767d94,578,1,1,1,1,1,00111111101
1569,5ce7c46d79642d0017767d94,579,1,1,1,1,1,01111111011
1570,5ce7c46d79642d0017767d94,580,1,1,1,1,1,01111110111
1571,5ce7c46d79642d0017767d94,581,1,1,1,1,1,01111101111
1572,5ce7c46d79642d0017767d94,582,1,1,1,1,1,01111011111
1573,5ce7c46d79642d0017767d94,583,1,1,1,1,1,01110111111
1574,5ce7c46d79642d0017767d94,584,1,1,1,1,1,01101111111
1575,5ce7c46d79642d0017767d94,585,1,1,1,1,1,01011111111
1576,5ce7c46d79642d0017767d94,586,1,1,1,1,1,00111111111
1577,5ce7c46d79642d0017767d94,587,1,0,1,1,0,01111111111
1578,5ce7c46d79642d0017767d94,588,1,1,1,1,1,01111111110
1579,5ce7c46d79642d0017767d94,589,1,1,1,1,1,01111111101
1580,5ce7c46d79642d0017767d94,590,1,0,1,1,0,01111111011
1581,5ce7c46d79642d0017767d94,591,1,1,1,1,1,01111110110
1582,5ce7c46d79642d0017767d94,592,1,1,1,1,1,01111101101
1583,5ce7c46d79642d0017767d94,593,1,0,1,1,0,01111011011
1584,5ce7c46d79642d0017767d94,594,1,1,1,1,1,01110110110
1585,5ce7c46d79642d0017767d94,595,1,1,1,1,1,01101101101
1586,5ce7c46d79642d0017767d94,596,1,1,1,1,1,01011011011
1587,5ce7c46d79642d0017767d94,597,1,0,1,1,0,00110110111
1588,5ce7c46d79642d0017767d94,598,1,1,1,1,1,01101101110
1589,5ce7c46d79642d0017767d94,599,1,0,1,1,0,01011011101
1590,5ce7c46d79642d0017767d94,600,1,0,1,0,0,00110111010
1591,5ce7c46d79642d0017767d94,601,1,1,0,0,0,01101110100
1592,5ce7c46d79642d0017767d94,602,1,1,1,0,1,01011101001
1593,5ce7c46d79642d0017767d94,603,1,1,1,1,1,00111010011
1594,5ce7c46d79642d0017767d94,604,1,1,1,1,1,01110100111
1595,5ce7c46d79642d0017767d94,605,1,1,1,1,1,01101001111
1596,5ce7c46d79642d0017767d94,606,1,1,1,1,1,01010011111
1597,5ce7c46d79642d0017767d94,607,1,1,1,1,1,00100111111
1598,5ce7c46d79642d0017767d94,608,1,0,1,1,0,01001111111
1599,5ce7c46d79642d0017767d94,609,1,1,1,0,1,00011111110
1600,5ce7c46d79642d0017767d94,610,1,1,1,1,1,00111111101
1601,5ce7c46d79642d0017767d94,611,1,1,1,1,1,01111111011
1602,5ce7c46d79642d0017767d94,612,1,1,1,1,1,01111110111
1603,5ce7c46d79642d0017767d94,613,1,1,1,1,1,01111101111
1604,5ce7c46d79642d0017767d94,614,1,0,1,1,0,01111011111
1605,5ce7c46d79642d0017767d94,615,1,1,1,1,1,01110111110
1606,5ce7c46d79642d0017767d94,616,1,1,1,1,1,01101111101
1607,5ce7c46d79642d0017767d94,617,1,1,1,1,1,01011111011
1608,5ce7c46d79642d0017767d94,618,1,1,1,1,1,00111110111
1609,5ce7c46d79642d0017767d94,619,1,0,1,1,0,01111101111
1610,5ce7c46d79642d0017767d94,620,1,0,1,1,0,01111011110
1611,5ce7c46d79642d0017767d94,621,1,1,1,0,1,01110111100
1612,5ce7c46d79642d0017767d94,622,1,1,1,1,1,01101111001
1613,5ce7c46d79642d0017767d94,623,1,1,1,1,1,01011110011
1614,5ce7c46d79642d0017767d94,624,1,1,1,1,1,00111100111
1615,5ce7c46d79642d0017767d94,625,1,1,1,1,1,01111001111
1616,5ce7c46d79642d0017767d94,626,1,1,1,1,1,01110011111
1617,5ce7c46d79642d0017767d94,627,1,1,1,1,1,01100111111
1618,5ce7c46d79642d0017767d94,628,1,1,1,1,1,01001111111
1619,5ce7c46d79642d0017767d94,629,1,0,1,1,0,00011111111
1620,5ce7c46d79642d0017767d94,630,1,1,1,1,1,00111111110
1621,5ce7c46d79642d0017767d94,631,1,1,1,1,1,01111111101
1622,5ce7c46d79642d0017767d94,632,1,1,1,1,1,01111111011
1623,5ce7c46d79642d0017767d94,633,1,0,1,1,0,01111110111
1624,5ce7c46d79642d0017767d94,634,1,1,1,1,1,01111101110
1625,5ce7c46d79642d0017767d94,635,1,1,1,1,1,01111011101
1626,5ce7c46d79642d0017767d94,636,1,0,1,1,0,01110111011
1627,5ce7c46d79642d0017767d94,637,1,1,1,1,1,01101110110
1628,5ce7c46d79642d0017767d94,638,1,1,1,1,1,01011101101
1629,5ce7c46d79642d0017767d94,639,1,1,1,1,1,00111011011
1630,5ce7c46d79642d0017767d94,640,1,0,1,1,0,01110110111
1631,5ce7c46d79642d0017767d94,641,1,1,1,1,1,01101101110
1632,5ce7c46d79642d0017767d94,642,1,1,1,1,1,01011011101
1633,5ce7c46d79642d0017767d94,643,1,1,1,1,1,00110111011
1634,5ce7c46d79642d0017767d94,644,1,1,1,1,1,01101110111
1635,5ce7c46d79642d0017767d94,645,1,1,1,1,1,01011101111
1636,5ce7c46d79642d0017767d94,646,1,0,1,1,0,00111011111
1637,5ce7c46d79642d0017767d94,647,1,0,1,1,0,01110111110
1638,5ce7c46d79642d0017767d94,648,1,0,1,0,0,01101111100
1639,5ce7c46d79642d0017767d94,649,1,1,0,1,0,01011111000
1640,5ce7c46d79642d0017767d94,650,1,1,1,0,1,00111110001
1641,5ce7c46d79642d0017767d94,651,1,1,1,1,1,01111100011
1642,5ce7c46d79642d0017767d94,652,1,1,1,1,1,01111000111
1643,5ce7c46d79642d0017767d94,653,1,0,1,1,0,01110001111
1644,5ce7c46d79642d0017767d94,654,1,1,1,1,1,01100011110
1645,5ce7c46d79642d0017767d94,655,1,1,1,1,1,01000111101
1646,5ce7c46d79642d0017767d94,656,1,1,1,1,1,00001111011
1647,5ce7c46d79642d0017767d94,657,1,0,1,1,0,00011110111
1648,5ce7c46d79642d0017767d94,658,1,0,1,1,0,00111101110
1649,5ce7c46d79642d0017767d94,659,1,1,1,0,1,01111011100
1650,5ce7c46d79642d0017767d94,660,1,0,1,1,0,01110111001
1651,5ce7c46d79642d0017767d94,661,1,1,1,0,1,01101110010
1652,5ce7c46d79642d0017767d94,662,1,0,1,0,0,01011100101
1653,5ce7c46d79642d0017767d94,663,1,1,1,0,1,00111001010
1654,5ce7c46d79642d0017767d94,664,1,1,1,0,1,01110010101
1655,5ce7c46d79642d0017767d94,665,1,1,1,1,1,01100101011
1656,5ce7c46d79642d0017767d94,666,1,1,1,1,1,01001010111
1657,5ce7c46d79642d0017767d94,667,1,1,1,1,1,00010101111
1658,5ce7c46d79642d0017767d94,668,1,1,1,1,1,00101011111
1659,5ce7c46d79642d0017767d94,669,1,0,1,1,0,01010111111
1660,5ce7c46d79642d0017767d94,670,1,1,1,1,1,00101111110
1661,5ce7c46d79642d0017767d94,671,1,1,1,1,1,01011111101
1662,5ce7c46d79642d0017767d94,672,1,1,1,1,1,00111111011
1663,5ce7c46d79642d0017767d94,673,1,1,1,1,1,01111110111
1664,5ce7c46d79642d0017767d94,674,1,1,1,1,1,01111101111
1665,5ce7c46d79642d0017767d94,675,1,1,1,1,1,01111011111
1666,5ce7c46d79642d0017767d94,676,1,1,1,1,1,01110111111
1667,5ce7c46d79642d0017767d94,677,1,0,1,1,0,01101111111
1668,5ce7c46d79642d0017767d94,678,1,1,1,1,1,01011111110
1669,5ce7c46d79642d0017767d94,679,1,1,1,1,1,00111111101
1670,5ce7c46d79642d0017767d94,680,1,1,1,1,1,01111111011
1671,5ce7c46d79642d0017767d94,681,1,0,1,1,0,01111110111
1672,5ce7c46d79642d0017767d94,682,1,1,1,1,1,01111101110
1673,5ce7c46d79642d0017767d94,683,1,1,1,1,1,01111011101
1674,5ce7c46d79642d0017767d94,684,1,1,1,1,1,01110111011
1675,5ce7c46d79642d0017767d94,685,1,0,1,1,0,01101110111
1676,5ce7c46d79642d0017767d94,686,1,1,1,1,1,01011101110
1677,5ce7c46d79642d0017767d94,687,1,0,1,1,0,00111011101
1678,5ce7c46d79642d0017767d94,688,1,1,1,0,1,01110111010
1679,5ce7c46d79642d0017767d94,689,1,1,1,1,1,01101110101
1680,5ce7c46d79642d0017767d94,690,1,1,1,1,1,01011101011
1681,5ce7c46d79642d0017767d94,691,1,1,1,1,1,00111010111
1682,5ce7c46d79642d0017767d94,692,1,1,1,1,1,01110101111
1683,5ce7c46d79642d0017767d94,693,1,0,1,1,0,01101011111
1684,5ce7c46d79642d0017767d94,694,1,1,1,1,1,01010111110
1685,5ce7c46d79642d0017767d94,695,1,1,1,1,1,00101111101
1686,5ce7c46d79642d0017767d94,696,1,1,1,1,1,01011111011
1687,5ce7c46d79642d0017767d94,697,1,1,1,1,1,00111110111
1688,5ce7c46d79642d0017767d94,698,1,1,1,1,1,01111101111
1689,5ce7c46d79642d0017767d94,699,1,1,1,1,1,01111011111
1690,5ce7c46d79642d0017767d94,700,1,1,1,1,1,01110111111
1691,5ce7c46d79642d0017767d94,701,1,1,1,1,1,01101111111
1692,5ce7c46d79642d0017767d94,702,1,1,1,1,1,01011111111
1693,5ce7c46d79642d0017767d94,703,1,1,1,1,1,00111111111
1694,5ce7c46d79642d0017767d94,704,1,1,1,1,1,01111111111
1695,5ce7c46d79642d0017767d94,705,1,1,1,1,1,01111111111
1696,5ce7c46d79642d0017767d94,706,1,0,1,1,0,01111111111
1697,5ce7c46d79642d0017767d94,707,1,0,1,1,0,01111111110
1698,5ce7c46d79642d0017767d94,708,1,1,1,0,1,01111111100
1699,5ce7c46d79642d0017767d94,709,1,1,1,0,1,01111111001
1700,5ce7c46d79642d0017767d94,710,1,1,1,1,1,01111110011
1701,5ce7c46d79642d0017767d94,711,1,1,1,1,1,01111100111
1702,5ce7c46d79642d0017767d94,712,1,0,1,1,0,01111001111
1703,5ce7c46d79642d0017767d94,713,1,1,1,1,1,01110011110
1704,5ce7c46d79642d0017767d94,714,1,1,1,1,1,01100111101
1705,5ce7c46d79642d0017767d94,715,1,1,1,1,1,01001111011
1706,5ce7c46d79642d0017767d94,716,1,1,1,1,1,00011110111
1707,5ce7c46d79642d0017767d94,717,1,1,1,1,1,00111101111
1708,5ce7c46d79642d0017767d94,718,1,0,1,1,0,01111011111
1709,5ce7c46d79642d0017767d94,719,1,1,1,1,1,01110111110
1710,5ce7c46d79642d0017767d94,720,1,1,1,1,1,01101111101
1711,5ce7c46d79642d0017767d94,721,1,1,1,1,1,01011111011
1712,5ce7c46d79642d0017767d94,722,1,1,1,1,1,00111110111
1713,5ce7c46d79642d0017767d94,723,1,0,1,1,0,01111101111
1714,5ce7c46d79642d0017767d94,724,1,1,1,1,1,01111011110
1715,5ce7c46d79642d0017767d94,725,1,1,1,1,1,01110111101
1716,5ce7c46d79642d0017767d94,726,1,1,1,1,1,01101111011
1717,5ce7c46d79642d0017767d94,727,1,1,1,1,1,01011110111
1718,5ce7c46d79642d0017767d94,728,1,1,1,1,1,00111101111
1719,5ce7c46d79642d0017767d94,729,1,0,1,1,0,01111011111
1720,5ce7c46d79642d0017767d94,730,1,0,1,1,0,01110111110
1721,5ce7c46d79642d0017767d94,731,1,1,1,0,1,01101111100
1722,5ce7c46d79642d0017767d94,732,1,1,1,0,1,01011111001
1723,5ce7c46d79642d0017767d94,733,1,0,1,1,0,00111110011
1724,5ce7c46d79642d0017767d94,734,1,1,1,0,1,01111100110
1725,5ce7c46d79642d0017767d94,735,1,1,1,1,1,01111001101
1726,5ce7c46d79642d0017767d94,736,1,1,1,1,1,01110011011
1727,5ce7c46d79642d0017767d94,737,1,1,1,1,1,01100110111
1728,5ce7c46d79642d0017767d94,738,1,0,1,1,0,01001101111
1729,5ce7c46d79642d0017767d94,739,1,0,1,1,0,00011011110
1730,5ce7c46d79642d0017767d94,740,1,1,1,0,1,00110111100
1731,5ce7c46d79642d0017767d94,741,1,1,1,0,1,01101111001
1732,5ce7c46d79642d0017767d94,742,1,0,1,1,0,01011110011
1733,5ce7c46d79642d0017767d94,743,1,1,1,0,1,00111100110
1734,5ce7c46d79642d0017767d94,744,1,1,1,1,1,01111001101
1735,5ce7c46d79642d0017767d94,745,1,1,1,1,1,01110011011
1736,5ce7c46d79642d0017767d94,746,1,0,1,1,0,01100110111
1737,5ce7c46d79642d0017767d94,747,1,1,1,1,1,01001101110
1738,5ce7c46d79642d0017767d94,748,1,0,1,1,0,00011011101
1739,5ce7c46d79642d0017767d94,749,1,1,1,0,1,00110111010
1740,5ce7c46d79642d0017767d94,750,1,1,1,1,1,01101110101
1741,5ce7c46d79642d0017767d94,751,1,1,1,1,1,01011101011
1742,5ce7c46d79642d0017767d94,752,1,1,1,1,1,00111010111
1743,5ce7c46d79642d0017767d94,753,1,1,1,1,1,01110101111
1744,5ce7c46d79642d0017767d94,754,1,0,1,1,0,01101011111
1745,5ce7c46d79642d0017767d94,755,1,0,1,1,0,01010111110
1746,5ce7c46d79642d0017767d94,756,1,1,1,0,1,00101111100
1747,5ce7c46d79642d0017767d94,757,1,1,1,0,1,01011111001
1748,5ce7c46d79642d0017767d94,758,1,1,1,1,1,00111110011
1749,5ce7c46d79642d0017767d94,759,1,1,1,1,1,01111100111
1750,5ce7c46d79642d0017767d94,760,1,0,1,1,0,01111001111
1751,5ce7c46d79642d0017767d94,761,1,1,1,1,1,01110011110
1752,5ce7c46d79642d0017767d94,762,1,1,1,1,1,01100111101
1753,5ce7c46d79642d0017767d94,763,1,1,1,1,1,01001111011
1754,5ce7c46d79642d0017767d94,764,1,1,1,1,1,00011110111
1755,5ce7c46d79642d0017767d94,765,1,0,1,1,0,00111101111
1756,5ce7c46d79642d0017767d94,766,1,1,1,1,1,01111011110
1757,5ce7c46d79642d0017767d94,767,1,1,1,1,1,01110111101
1758,5ce7c46d79642d0017767d94,768,1,0,1,1,0,01101111011
1759,5ce7c46d79642d0017767d94,769,1,1,1,0,1,01011110110
1760,5ce7c46d79642d0017767d94,770,1,1,1,1,1,00111101101
1761,5ce7c46d79642d0017767d94,771,1,0,1,1,0,01111011011
1762,5ce7c46d79642d0017767d94,772,1,1,1,1,1,01110110110
1763,5ce7c46d79642d0017767d94,773,1,1,1,1,1,01101101101
1764,5ce7c46d79642d0017767d94,774,1,1,1,1,1,01011011011
1765,5ce7c46d79642d0017767d94,775,1,1,1,1,1,00110110111
1766,5ce7c46d79642d0017767d94,776,1,1,1,1,1,01101101111
1767,5ce7c46d79642d0017767d94,777,1,0,1,1,0,01011011111
1768,5ce7c46d79642d0017767d94,778,1,1,1,1,1,00110111110
1769,5ce7c46d79642d0017767d94,779,1,1,1,1,1,01101111101
1770,5ce7c46d79642d0017767d94,780,1,1,1,1,1,01011111011
1771,5ce7c46d79642d0017767d94,781,1,1,1,1,1,00111110111
1772,5ce7c46d79642d0017767d94,782,1,1,1,1,1,01111101111
1773,5ce7c46d79642d0017767d94,783,1,0,1,1,0,01111011111
1774,5ce7c46d79642d0017767d94,784,1,1,1,1,1,01110111110
1775,5ce7c46d79642d0017767d94,785,1,1,1,1,1,01101111101
1776,5ce7c46d79642d0017767d94,786,1,1,1,1,1,01011111011
1777,5ce7c46d79642d0017767d94,787,1,0,1,1,0,00111110111
1778,5ce7c46d79642d0017767d94,788,1,1,1,1,1,01111101110
1779,5ce7c46d79642d0017767d94,789,1,1,1,1,1,01111011101
1780,5ce7c46d79642d0017767d94,790,1,1,1,1,1,01110111011
1781,5ce7c46d79642d0017767d94,791,1,1,1,1,1,01101110111
1782,5ce7c46d79642d0017767d94,792,1,1,1,1,1,01011101111
1783,5ce7c46d79642d0017767d94,793,1,1,1,1,1,00111011111
1784,5ce7c46d79642d0017767d94,794,1,1,1,1,1,01110111111
1785,5ce7c46d79642d0017767d94,795,1,1,1,1,1,01101111111
1786,5ce7c46d79642d0017767d94,796,1,0,1,1,0,01011111111
1787,5ce7c46d79642d0017767d94,797,1,1,1,1,1,00111111110
1788,5ce7c46d79642d0017767d94,798,1,1,1,1,1,01111111101
1789,5ce7c46d79642d0017767d94,799,1,1,1,1,1,01111111011
1790,5ce7c46d79642d0017767d94,800,1,1,1,1,1,01111110111
1791,5ce7c46d79642d0017767d94,801,1,1,1,1,1,01111101111
1792,5ce7c46d79642d0017767d94,802,1,1,1,1,1,01111011111
1793,5ce7c46d79642d0017767d94,803,1,1,1,1,1,01110111111
1794,5ce7c46d79642d0017767d94,804,1,1,1,1,1,01101111111
1795,5ce7c46d79642d0017767d94,805,1,1,1,1,1,01011111111
1796,5ce7c46d79642d0017767d94,806,1,1,1,1,1,00111111111
1797,5ce7c46d79642d0017767d94,807,1,1,1,1,1,01111111111
1798,5ce7c46d79642d0017767d94,808,1,1,1,1,1,01111111111
1799,5ce7c46d79642d0017767d94,809,1,1,1,1,1,01111111111
1800,5ce7c46d79642d0017767d94,810,1,1,1,1,1,01111111111
1801,5ce7c46d79642d0017767d94,811,1,0,1,1,0,01111111111
1802,5ce7c46d79642d0017767d94,812,1,1,1,1,1,01111111110
1803,5ce7c46d79642d0017767d94,813,1,1,1,1,1,01111111101
1804,5ce7c46d79642d0017767d94,814,1,1,1,1,1,01111111011
1805,5ce7c46d79642d0017767d94,815,1,1,1,1,1,01111110111
1806,5ce7c46d79642d0017767d94,816,1,1,1,1,1,01111101111
1807,5ce7c46d79642d0017767d94,817,1,1,1,1,1,01111011111
1808,5ce7c46d79642d0017767d94,818,1,1,1,1,1,01110111111
1809,5ce7c46d79642d0017767d94,819,1,1,1,1,1,01101111111
1810,5ce7c46d79642d0017767d94,820,1,1,1,1,1,01011111111
1811,5ce7c46d79642d0017767d94,821,1,1,1,1,1,00111111111
1812,5ce7c46d79642d0017767d94,822,1,0,1,1,0,01111111111
1813,5ce7c46d79642d0017767d94,823,1,1,1,1,1,01111111110
1814,5ce7c46d79642d0017767d94,824,1,1,1,1,1,01111111101
1815,5ce7c46d79642d0017767d94,825,1,0,1,1,0,01111111011
1816,5ce7c46d79642d0017767d94,826,1,1,1,1,1,01111110110
1817,5ce7c46d79642d0017767d94,827,1,1,1,1,1,01111101101
1818,5ce7c46d79642d0017767d94,828,1,1,1,1,1,01111011011
1819,5ce7c46d79642d0017767d94,829,1,1,1,1,1,01110110111
1820,5ce7c46d79642d0017767d94,830,1,0,1,1,0,01101101111
1821,5ce7c46d79642d0017767d94,831,1,1,1,1,1,01011011110
1822,5ce7c46d79642d0017767d94,832,1,0,1,1,0,00110111101
1823,5ce7c46d79642d0017767d94,833,1,1,1,1,1,01101111010
1824,5ce7c46d79642d0017767d94,834,1,0,1,1,0,01011110101
1825,5ce7c46d79642d0017767d94,835,1,1,1,0,1,00111101010
1826,5ce7c46d79642d0017767d94,836,1,1,1,1,1,01111010101
1827,5ce7c46d79642d0017767d94,837,1,0,1,1,0,01110101011
1828,5ce7c46d79642d0017767d94,838,1,1,1,0,1,01101010110
1829,5ce7c46d79642d0017767d94,839,1,1,1,1,1,01010101101
1830,5ce7c46d79642d0017767d94,840,1,1,1,1,1,00101011011
1831,5ce7c46d79642d0017767d94,841,1,1,1,1,1,01010110111
1832,5ce7c46d79642d0017767d94,842,1,1,1,1,1,00101101111
1833,5ce7c46d79642d0017767d94,843,1,1,1,1,1,01011011111
1834,5ce7c46d79642d0017767d94,844,1,1,1,1,1,00110111111
1835,5ce7c46d79642d0017767d94,845,1,0,1,1,0,01101111111
1836,5ce7c46d79642d0017767d94,846,1,1,1,1,1,01011111110
1837,5ce7c46d79642d0017767d94,847,1,1,1,1,1,00111111101
1838,5ce7c46d79642d0017767d94,848,1,1,1,1,1,01111111011
1839,5ce7c46d79642d0017767d94,849,1,1,1,1,1,01111110111
1840,5ce7c46d79642d0017767d94,850,1,1,1,1,1,01111101111
1841,5ce7c46d79642d0017767d94,851,1,0,1,1,0,01111011111
1842,5ce7c46d79642d0017767d94,852,1,1,1,1,1,01110111110
1843,5ce7c46d79642d0017767d94,853,1,1,1,1,1,01101111101
1844,5ce7c46d79642d0017767d94,854,1,1,1,1,1,01011111011
1845,5ce7c46d79642d0017767d94,855,1,1,1,1,1,00111110111
1846,5ce7c46d79642d0017767d94,856,1,0,1,1,0,01111101111
1847,5ce7c46d79642d0017767d94,857,1,1,1,1,1,01111011110
1848,5ce7c46d79642d0017767d94,858,1,0,1,1,0,01110111101
1849,5ce7c46d79642d0017767d94,859,1,0,1,0,0,01101111010
1850,5ce7c46d79642d0017767d94,860,1,1,1,0,1,01011110100
1851,5ce7c46d79642d0017767d94,861,1,0,1,0,0,00111101001
1852,5ce7c46d79642d0017767d94,862,1,1,1,0,1,01111010010
1853,5ce7c46d79642d0017767d94,863,1,1,1,0,1,01110100101
1854,5ce7c46d79642d0017767d94,864,1,1,1,1,1,01101001011
1855,5ce7c46d79642d0017767d94,865,1,1,1,1,1,01010010111
1856,5ce7c46d79642d0017767d94,866,1,1,1,1,1,00100101111
1857,5ce7c46d79642d0017767d94,867,1,1,1,1,1,01001011111
1858,5ce7c46d79642d0017767d94,868,1,0,1,1,0,00010111111
1859,5ce7c46d79642d0017767d94,869,1,1,1,1,1,00101111110
1860,5ce7c46d79642d0017767d94,870,1,1,1,1,1,01011111101
1861,5ce7c46d79642d0017767d94,871,1,1,1,1,1,00111111011
1862,5ce7c46d79642d0017767d94,872,1,1,1,1,1,01111110111
1863,5ce7c46d79642d0017767d94,873,1,1,1,1,1,01111101111
1864,5ce7c46d79642d0017767d94,874,1,1,1,1,1,01111011111
1865,5ce7c46d79642d0017767d94,875,1,1,1,1,1,01110111111
1866,5ce7c46d79642d0017767d94,876,1,1,1,1,1,01101111111
1867,5ce7c46d79642d0017767d94,877,1,0,1,1,0,01011111111
1868,5ce7c46d79642d0017767d94,878,1,1,1,1,1,00111111110
1869,5ce7c46d79642d0017767d94,879,1,1,1,1,1,01111111101
1870,5ce7c46d79642d0017767d94,880,1,1,1,1,1,01111111011
1871,5ce7c46d79642d0017767d94,881,1,1,1,1,1,01111110111
1872,5ce7c46d79642d0017767d94,882,1,1,1,1,1,01111101111
1873,5ce7c46d79642d0017767d94,883,1,1,1,1,1,01111011111
1874,5ce7c46d79642d0017767d94,884,1,1,1,1,1,01110111111
1875,5ce7c46d79642d0017767d94,885,1,1,1,1,1,01101111111
1876,5ce7c46d79642d0017767d94,886,1,0,1,1,0,01011111111
1877,5ce7c46d79642d0017767d94,887,1,1,1,1,1,00111111110
1878,5ce7c46d79642d0017767d94,888,1,1,1,1,1,01111111101
1879,5ce7c46d79642d0017767d94,889,1,1,1,1,1,01111111011
1880,5ce7c46d79642d0017767d94,890,1,0,1,1,0,01111110111
1881,5ce7c46d79642d0017767d94,891,1,1,1,1,1,01111101110
1882,5ce7c46d79642d0017767d94,892,1,1,1,1,1,01111011101
1883,5ce7c46d79642d0017767d94,893,1,1,1,1,1,01110111011
1884,5ce7c46d79642d0017767d94,894,1,0,1,1,0,01101110111
1885,5ce7c46d79642d0017767d94,895,1,1,1,1,1,01011101110
1886,5ce7c46d79642d0017767d94,896,1,0,1,1,0,00111011101
1887,5ce7c46d79642d0017767d94,897,1,0,1,1,0,01110111010
1888,5ce7c46d79642d0017767d94,898,1,0,1,0,0,01101110100
1889,5ce7c46d79642d0017767d94,899,1,1,0,1,0,01011101000
1890,5ce7c46d79642d0017767d94,900,1,1,0,0,0,00111010001
1891,5ce7c46d79642d0017767d94,901,1,0,1,1,0,01110100011
1892,5ce7c46d79642d0017767d94,902,1,0,0,0,1,01101000110
1893,5ce7c46d79642d0017767d94,903,1,1,0,1,0,01010001100
1894,5ce7c46d79642d0017767d94,904,1,1,0,0,0,00100011001
1895,5ce7c46d79642d0017767d94,905,0,0,1,1,0,01000110011
1896,5ce7c46d79642d0017767d94,906,0,0,1,0,0,00001100110
1897,5ce7c46d79642d0017767d94,907,0,0,0,0,1,00011001100
1898,5ce7c46d79642d0017767d94,908,0,0,0,1,1,00110011000
1899,5ce7c46d79642d0017767d94,909,0,0,0,1,1,01100110000
1900,5ce7c46d79642d0017767d94,910,0,0,0,1,1,01001100000
1901,5ce7c46d79642d0017767d94,911,0,0,0,1,1,00011000000
1902,5ce7c46d79642d0017767d94,912,0,0,0,1,1,00110000000
1903,5ce7c46d79642d0017767d94,913,0,0,0,1,1,01100000000
1904,5ce7c46d79642d0017767d94,914,0,0,0,1,1,01000000000
1905,5ce7c46d79642d0017767d94,915,0,0,0,1,1,00000000000
1906,5ce7c46d79642d0017767d94,916,0,0,0,1,1,00000000000
1907,5ce7c46d79642d0017767d94,917,0,0,0,1,1,00000000000
1908,5ce7c46d79642d0017767d94,918,0,1,0,1,0,00000000000
1909,5ce7c46d79642d0017767d94,919,0,0,0,1,1,00000000001
1910,5ce7c46d79642d0017767d94,920,0,0,0,1,1,00000000010
1911,5ce7c46d79642d0017767d94,921,0,0,0,1,1,00000000100
1912,5ce7c46d79642d0017767d94,922,0,0,0,1,1,00000001000
1913,5ce7c46d79642d0017767d94,923,0,0,0,1,1,00000010000
1914,5ce7c46d79642d0017767d94,924,0,0,0,1,1,00000100000
1915,5ce7c46d79642d0017767d94,925,0,0,0,1,1,00001000000
1916,5ce7c46d79642d0017767d94,926,0,0,0,1,1,00010000000
1917,5ce7c46d79642d0017767d94,927,0,0,0,1,1,00100000000
1918,5ce7c46d79642d0017767d94,928,0,0,0,1,1,01000000000
1919,5ce7c46d79642d0017767d94,929,0,0,0,1,1,00000000000
1920,5ce7c46d79642d0017767d94,930,0,0,0,1,1,00000000000
1921,5ce7c46d79642d0017767d94,931,0,0,0,1,1,00000000000
1922,5ce7c46d79642d0017767d94,932,0,0,0,1,1,00000000000
1923,5ce7c46d79642d0017767d94,933,0,0,0,1,1,00000000000
1924,5ce7c46d79642d0017767d94,934,0,1,0,1,0,00000000000
1925,5ce7c46d79642d0017767d94,935,0,0,0,1,1,00000000001
1926,5ce7c46d79642d0017767d94,936,0,0,0,1,1,00000000010
1927,5ce7c46d79642d0017767d94,937,0,1,0,1,0,00000000100
1928,5ce7c46d79642d0017767d94,938,0,0,0,1,1,00000001001
1929,5ce7c46d79642d0017767d94,939,0,0,0,1,1,00000010010
1930,5ce7c46d79642d0017767d94,940,0,1,0,1,0,00000100100
1931,5ce7c46d79642d0017767d94,941,0,1,0,1,0,00001001001
1932,5ce7c46d79642d0017767d94,942,0,0,0,0,1,00010010011
1933,5ce7c46d79642d0017767d94,943,0,1,0,1,0,00100100110
1934,5ce7c46d79642d0017767d94,944,0,0,0,0,1,01001001101
1935,5ce7c46d79642d0017767d94,945,0,0,0,0,1,00010011010
1936,5ce7c46d79642d0017767d94,946,0,0,0,1,1,00100110100
1937,5ce7c46d79642d0017767d94,947,0,1,0,1,0,01001101000
1938,5ce7c46d79642d0017767d94,948,0,0,0,1,1,00011010001
1939,5ce7c46d79642d0017767d94,949,0,1,0,1,0,00110100010
1940,5ce7c46d79642d0017767d94,950,0,0,0,1,1,01101000101
1941,5ce7c46d79642d0017767d94,951,0,0,0,1,1,01010001010
1942,5ce7c46d79642d0017767d94,952,0,0,0,1,1,00100010100
1943,5ce7c46d79642d0017767d94,953,0,0,0,1,1,01000101000
1944,5ce7c46d79642d0017767d94,954,0,0,0,1,1,00001010000
1945,5ce7c46d79642d0017767d94,955,0,0,0,1,1,00010100000
1946,5ce7c46d79642d0017767d94,956,0,0,0,1,1,00101000000
1947,5ce7c46d79642d0017767d94,957,0,0,0,1,1,01010000000
1948,5ce7c46d79642d0017767d94,958,0,0,0,1,1,00100000000
1949,5ce7c46d79642d0017767d94,959,0,0,0,1,1,01000000000
1950,5ce7c46d79642d0017767d94,960,0,0,0,1,1,00000000000
1951,5ce7c46d79642d0017767d94,961,0,0,0,1,1,00000000000
1952,5ce7c46d79642d0017767d94,962,0,0,0,1,1,00000000000
1953,5ce7c46d79642d0017767d94,963,1,1,0,1,0,00000000000
1954,5ce7c46d79642d0017767d94,964,1,1,0,1,0,00000000001
1955,5ce7c46d79642d0017767d94,965,1,0,0,0,1,00000000011
1956,5ce7c46d79642d0017767d94,966,1,1,0,1,0,00000000110
1957,5ce7c46d79642d0017767d94,967,1,1,0,0,0,00000001101
1958,5ce7c46d79642d0017767d94,968,1,0,0,0,1,00000011011
1959,5ce7c46d79642d0017767d94,969,1,0,0,0,1,00000110110
1960,5ce7c46d79642d0017767d94,970,1,1,0,1,0,00001101100
1961,5ce7c46d79642d0017767d94,971,1,1,0,1,0,00011011001
1962,5ce7c46d79642d0017767d94,972,1,0,1,0,0,00110110011
1963,5ce7c46d79642d0017767d94,973,1,1,1,0,1,01101100110
1964,5ce7c46d79642d0017767d94,974,1,0,1,0,0,01011001101
1965,5ce7c46d79642d0017767d94,975,1,1,0,0,0,00110011010
1966,5ce7c46d79642d0017767d94,976,1,1,1,0,1,01100110101
1967,5ce7c46d79642d0017767d94,977,1,1,1,1,1,01001101011
1968,5ce7c46d79642d0017767d94,978,1,1,1,1,1,00011010111
1969,5ce7c46d79642d0017767d94,979,1,0,1,1,0,00110101111
1970,5ce7c46d79642d0017767d94,980,1,1,1,1,1,01101011110
1971,5ce7c46d79642d0017767d94,981,1,1,1,1,1,01010111101
1972,5ce7c46d79642d0017767d94,982,1,0,1,1,0,00101111011
1973,5ce7c46d79642d0017767d94,983,1,1,1,1,1,01011110110
1974,5ce7c46d79642d0017767d94,984,1,0,1,1,0,00111101101
1975,5ce7c46d79642d0017767d94,985,1,1,1,1,1,01111011010
1976,5ce7c46d79642d0017767d94,986,1,1,1,1,1,01110110101
1977,5ce7c46d79642d0017767d94,987,1,0,1,1,0,01101101011
1978,5ce7c46d79642d0017767d94,988,1,1,1,1,1,01011010110
1979,5ce7c46d79642d0017767d94,989,1,1,1,1,1,00110101101
1980,5ce7c46d79642d0017767d94,990,1,0,1,1,0,01101011011
1981,5ce7c46d79642d0017767d94,991,1,1,1,1,1,01010110110
1982,5ce7c46d79642d0017767d94,992,1,0,1,1,0,00101101101
1983,5ce7c46d79642d0017767d94,993,1,1,1,1,1,01011011010
1984,5ce7c46d79642d0017767d94,994,1,0,1,1,0,00110110101
1985,5ce7c46d79642d0017767d94,995,1,1,1,1,1,01101101010
1986,5ce7c46d79642d0017767d94,996,1,1,1,1,1,01011010101
1987,5ce7c46d79642d0017767d94,997,1,1,1,1,1,00110101011
1988,5ce7c46d79642d0017767d94,998,1,1,1,1,1,01101010111
1989,5ce7c46d79642d0017767d94,999,1,1,1,1,1,01010101111
1990,5ce7c46d79642d0017767d94,1000,1,1,1,1,1,00101011111
1991,5ce7c46d79642d0017767d94,1001,1,1,1,1,1,01010111111
1992,5ce7c46d79642d0017767d94,1002,1,1,1,1,1,00101111111
1993,5ce7c46d79642d0017767d94,1003,1,1,1,1,1,01011111111
1994,5ce7c46d79642d0017767d94,1004,1,1,1,1,1,00111111111
1995,5ce7c46d79642d0017767d94,1005,1,1,1,1,1,01111111111
1996,5ce7c46d79642d0017767d94,1006,1,1,1,1,1,01111111111
1997,5ce7c46d79642d0017767d94,1007,1,1,1,1,1,01111111111
1998,5ce7c46d79642d0017767d94,1008,1,1,1,1,1,01111111111
1999,5ce7c46d79642d0017767d94,1009,1,1,1,1,1,01111111111
