Subject,Ifuture_both,Ifuture_task,Ipast_task,Ipast_both,ratio,diff,pastdiff,DTB,color
60b610d8,0.2366657905743949,0.19151675381651775,0.9836747155918417,1.8927013879306442,1.2357445803469085,0.04514903675787715,0.9090266723388025,-0.048247601052237826,#153cd8
5929e024,0.12909894223929966,0.07766061577159963,0.42861870803372304,0.7734503083414705,1.6623476514657116,0.051438326467700024,0.3448316003077475,-0.06073661555960028,#153cd8
613cb9a1,0.18782861041265309,0.1285333240197564,0.6771766382324411,1.1316804652116417,1.461322282334989,0.05929528639289669,0.45450382697920055,-0.06923120148165388,#153cd8
60c13bce,0.23381998274621862,0.17666752328639843,0.8897578333375584,1.677637576057806,1.3235029189103957,0.0571524594598202,0.7878797427202475,-0.0530796692000198,#153cd8
603e5aad,0.1571925597650605,0.126547411963542,0.6296848767895823,0.9214508972606241,1.242163370439747,0.030645147801518502,0.29176602047104183,-0.06142604471475277,#153cd8
61250829,0.10454316452623931,0.10378013228085914,0.5218300927243085,0.7741614964895549,1.0073523922990886,0.0007630322453801713,0.25233140376524643,-0.059188256569526976,#153cd8
5f23059a,0.08147146901092653,0.07470245265954997,0.40105468984308557,0.6401521644384945,1.0906130402736007,0.0067690163513765556,0.23909747459540898,-0.05609856524120024,#153cd8
6110a43a,0.1631796060800926,0.14331420726742577,0.524326562610019,0.7545730222387182,1.1386143020391397,0.01986539881266683,0.23024645962869927,-0.020293604466681825,#153cd8
5f615788,0.14957681616309518,0.10985744318500042,0.5352564221914061,0.8682390954324741,1.361553772111801,0.03971937297809476,0.332982673241068,-0.05646786788198306,#153cd8
6153b551,0.20721574465582152,0.13979083311185977,0.8284670726692074,1.3749653153471848,1.4823271314937279,0.06742491154396174,0.5464982426779774,-0.08246019151068298,#153cd8
5a84b912,0.14284704671240775,0.12489426320385973,0.4541427514179303,0.8435724959215986,1.1437438601903152,0.017952783508548023,0.38942974450366824,-0.020428354018474468,#153cd8
60d70c9a,0.08980195197098827,0.08947567120709485,0.4871632444849242,0.724143214938828,1.0036465863791983,0.000326280763893419,0.23697997045390384,-0.06461346931041834,#153cd8
5f40375e,0.1448209766290348,0.12001009498772378,0.5907032300017675,0.9943101445699071,1.2067399550333577,0.02481088164131101,0.4036069145681396,-0.05930544251835626,#153cd8
5f439ac8,0.16728634611311075,0.14707842139633392,0.6165715231829139,0.874178607619142,1.1373955779843619,0.02020792471677682,0.25760708443622815,-0.03803311293658826,#153cd8
60b8b246,0.18563095078553773,0.16435653813177448,0.6676053924479127,1.1270136004255913,1.1294406227801312,0.02127441265376326,0.45940820797767856,-0.03151885035438756,#153cd8
5fc67d0d,0.18057087966276356,0.1583523647798264,0.7486286702504735,1.0694349913723888,1.1403105972798693,0.022218514882937163,0.3208063211219153,-0.05222667642081985,#153cd8
6032a88a,0.03748084926537406,0.04188587267781005,0.42372876848604035,0.5957765373624438,0.8948327173145029,-0.004405023412435989,0.1720477688764035,-0.0951845814714887,#153cd8
61081bcf,0.1290350394382109,0.12607629968667333,0.6565271916461675,0.7939087895580641,1.0234678504912555,0.00295873975153757,0.13738159791189664,-0.06757701132252728,#153cd8
5d827229,0.18816777766928683,0.12300845874953292,0.6669669996679881,1.1634795343198427,1.5297141317121115,0.0651593189197539,0.49651253465185463,-0.07273888022361596,#153cd8
613ad089,0.08509577494259937,0.08082200993174714,0.358511127893001,0.6171965707571965,1.0528787271494653,0.004273765010852235,0.2586854428641955,-0.03763241782653505,#153cd8
610d57d6,0.15014346985869742,0.1355635473991763,0.643876987469154,0.8355703522450462,1.1075504642600529,0.01457992245952111,0.19169336477589216,-0.055507264837441256,#153cd8
5f0a9094,0.1940785903720832,0.1720016755227451,0.6981711236201805,1.1085822478007459,1.1283529057623551,0.022076914849338103,0.41041112418056536,-0.02977652956096749,#153cd8
5f4f9dec,0.10748176108474286,0.10373940842759044,0.4260301565228694,0.6936338224649059,1.0360745517434153,0.00374235265715242,0.2676036659420365,-0.033955476576975646,#153cd8
5fa45dc9,0.05831978385426757,0.04113132161327807,0.2749534406789907,0.5603328605905229,1.4178922914901109,0.0171884622409895,0.2853794199115322,-0.052330881815849405,#153cd8
6036561c,0.11131123235392315,0.09703326826008897,0.5184028621896343,0.6997618968569898,1.1471450395297764,0.01427796409383418,0.18135903466735548,-0.0650573012165473,#153cd8
5efb8358,0.14646645137201514,0.13193337174722386,0.6265843838961898,0.7248713984583649,1.1101546896916707,0.014533079624791279,0.09828701456217515,-0.05536341821716817,#153cd8
60f487b1,0.2088646697703614,0.1542729386946045,0.7210094608870656,1.1884840535123935,1.35386459568146,0.05459173107575688,0.46747459262532787,-0.05155951273219009,#153cd8
613f3eaf,0.08811483301634414,0.06646406184998654,0.3414221922971926,0.5861047819785052,1.325751549991403,0.021650771166357594,0.24468258968131262,-0.04703097665875351,#153cd8
60b00433,0.2139530633356947,0.12676097414686613,0.578913176118729,1.23115997602366,1.687846474639799,0.08719208918882856,0.6522467999049311,-0.049903084316196916,#153cd8
6126605a,0.13457074581886844,0.1274640265284971,0.6764584635895428,0.9242394157768142,1.055754705730895,0.007106719290371349,0.24778095218727147,-0.07016311398756084,#153cd8
60abeb39,0.21630774809900374,0.1556843131797884,0.7328972328776758,1.311262553071305,1.3893997646969467,0.06062343491921535,0.5783653201936291,-0.05227905386760137,#153cd8
5e9ee705,0.16757989221398703,0.13417678026717578,0.6564026805247588,1.019852382241611,1.2489485280560335,0.033403111946811254,0.3634497017168522,-0.05945155616686909,#153cd8
6122bbb8,0.1620282966782766,0.11116073304927762,0.6573129354244424,0.9351462299272727,1.4576037080148558,0.05086756362899897,0.27783329450283034,-0.082650183295267,#153cd8
609555cf,0.15581652095598625,0.1662075676481592,0.8520573910298378,0.8890086918354345,0.9374815067736897,-0.010391046692172945,0.03695130080559672,-0.05904105717331365,#153cd8
61001318,0.11077426746190591,0.08774098443390045,0.45585747337674143,0.6531395969370497,1.262514527009411,0.02303328302800546,0.19728212356030828,-0.05804688475035903,#153cd8
5ed69817,0.23552082959631324,0.19113239548456815,0.9859689758429344,1.7877434132455492,1.2322391973333948,0.04438843411174509,0.8017744374026148,-0.04885384519838884,#153cd8
5ea30f3d,0.14298289937649256,0.14653361533352086,0.5505722313153047,0.8107676140456059,0.9757685910570989,-0.0035507159570283,0.2601953827303012,-0.02343450044759074,#153cd8
613aeee1,0.13709769347906706,0.13767560567356923,0.4801544187856977,0.6796229385965284,0.9958023631588561,-0.0005779121945021781,0.19946851981083075,-0.014618358556918454,#153cd8
6151e280,0.12402783721942914,0.10033418313564793,0.5319871232658586,0.6768014054534972,1.2361473761315056,0.023693654083781213,0.1448142821876386,-0.06521353809317967,#153cd8
5f948447,0.1940390810000405,0.14312165589849674,0.6498075580953797,1.1178305979421672,1.3557632475804702,0.05091742510154376,0.4680230398467875,-0.049183823758496614,#153cd8
6154918f,0.14717528537040078,0.13055118558879963,0.477200742135753,0.6896362404273267,1.1273377925035664,0.016624099781601148,0.21243549829157377,-0.020986251013656615,#153cd8
56c641da,0.07882777152792196,0.06014236383512005,0.2771349243075815,0.5348022599031638,1.310686286691821,0.018685407692801914,0.25766733559558225,-0.033982157957371834,#153cd8
6140ef8d,0.22590741562010574,0.17436171633612738,0.9335781017396402,1.6825710847301703,1.2956250968796996,0.05154569928397837,0.7489929829905301,-0.06021326984454087,#153cd8
5af49a48,0.1922128885917524,0.16554338756593448,0.8345619105807538,0.9916417872057224,1.161102786513872,0.026669501025817915,0.15707987662496858,-0.05750949694677762,#153cd8
56e55e5c,0.1496311146812092,0.10852549265696683,0.5480151805703886,0.8465595810089802,1.3787646664196331,0.04110562202424238,0.29854440043859165,-0.060834438702904434,#153cd8
60ec0c8e,0.09024729203052066,0.07952863930097359,0.32940640311899416,0.6234757343624404,1.1347772679598185,0.01071865272954707,0.29406933124344625,-0.030465981099306497,#153cd8
6150842d,0.11606260883101616,0.09979214428728067,0.4569689183887669,0.6821792733353138,1.1630435407510258,0.016270464543735486,0.2252103549465469,-0.04629729097290139,#153cd8
614f2977,0.19005098150054184,0.19440178663744828,0.9837988088045393,0.9829799389216521,0.977619520827653,-0.004350805136906444,-0.0008188698828871521,-0.04537456971349446,#153cd8
5ac01e17,0.18913885020530855,0.14670985916632534,0.7703908827874114,1.2654025520918046,1.2892034065064526,0.042428991038983205,0.4950116693043932,-0.06731126699770032,#153cd8
61098f2c,0.16738105668037773,0.11054835612117483,0.5494675927106082,0.9774773426354569,1.5140981065056014,0.05683270055920289,0.42800974992484875,-0.059157025730305984,#153cd8
611fce73,0.1777657688826989,0.10273787986304914,0.5663395660518182,1.1819652314757318,1.7302845758513108,0.07502788901964977,0.6156256654239136,-0.07098043421596253,#153cd8
5ecd36e8,0.1085478904445469,0.10193867524721192,0.41803589079108916,0.6811707667559361,1.064835207847335,0.006609215197334969,0.26313487596484697,-0.033587142173685,#153cd8
5dad865e,0.19930856494380475,0.15625708741918443,0.7719650209526068,1.4484496551850434,1.2755169588508193,0.043051477524620324,0.6764846342324367,-0.058011936723743496,#153cd8
611a7d58,0.08380930921934185,0.07266343824047714,0.49753647815350666,0.5752451166834015,1.1533903603897442,0.011145870978864714,0.07770863852989485,-0.08408260714252139,#153cd8
611148ad,0.10410148688987922,0.1076778410227297,0.6428190801789808,0.828577728209018,0.9667865356615429,-0.0035763541328504844,0.18575864803003717,-0.0831620883593647,#153cd8
6149c45d,0.07557664405170486,0.0659552230879451,0.3549069804072983,0.553770579937928,1.145878074749751,0.009621420963759758,0.1988635995306297,-0.05145324307757747,#153cd8
613688d0,0.1933246546536409,0.16761752005817773,0.9202548161653118,1.5799577792329875,1.153367825669659,0.02570713459546317,0.6597029630676757,-0.06551488349926035,#153cd8
5dea5762,0.08671447466470883,0.07764396949606588,0.4335453272575235,0.6745817814084782,1.1168217599835946,0.009070505168642953,0.24103645415095476,-0.06208999123767882,#153cd8
6141e484,0.13967820979164264,0.09001775439199358,0.5256599822632915,0.9895876654442523,1.5516740084783318,0.049660455399649056,0.4639276831809608,-0.07393158721386883,#153cd8
60fbc53a,0.1753237795054357,0.15306522345626766,0.6876852692596214,0.9555884246224735,1.1454187668927132,0.022258556049168043,0.26790315536285214,-0.04670957647354057,#153cd8
609d3af7,0.17415761613220296,0.13146835115270789,0.6839298232137403,1.1991095328575667,1.3247113438724814,0.04268926497949507,0.5151797096438264,-0.06758804148563333,#153cd8
60d9ec92,0.14044867336187733,0.13896389341960175,0.6564798006155685,0.8870901755411011,1.0106846455272542,0.0014847799422755825,0.2306103749255326,-0.05467991184551746,#153cd8
613e9d66,0.19040282684250096,0.15682627193247192,0.7209170304240199,0.9710427114243225,1.2141003193934676,0.03357655491002903,0.25012568100030264,-0.048989611081193735,#153cd8
611cff5e,0.16121591565340654,0.17221613738238745,0.8612417929664407,0.9504612943922947,0.9361254880281277,-0.011000221728980908,0.089219501425854,-0.054127040366283685,#153cd8
611e8be4,0.05451073260569731,0.050018028029292984,0.2672281647720206,0.4257958186312238,1.0898217053613786,0.004492704576404327,0.15856765385920318,-0.04109871104329103,#153cd8
5faa6cab,0.12805188381076132,0.09859867807917991,0.4446966231977953,0.6889873267258575,1.298718058957433,0.029453205731581417,0.2442907035280622,-0.044160940713914604,#153cd8
5b52f493,0.2264727237655555,0.16792806240145003,0.8924748510766343,1.7189920538918764,1.3486294102777663,0.058544661364105466,0.8265172028152421,-0.062129128365507935,#153cd8
61544c7e,0.1718546222327041,0.1365246703966616,0.5740917952293259,0.9167416406705342,1.2587807151146684,0.035329951836042484,0.34264984544120836,-0.039037480776712985,#153cd8
613a4cae,0.18151123905269656,0.1691568620122975,0.7037240662168484,0.9077332004304799,1.0730350332432919,0.012354377040399073,0.20400913421363154,-0.033606420927180664,#153cd8
5ae6313e,0.12094608882667676,0.11503176795909709,0.598285729671933,0.9059957389817542,1.051414674159252,0.0059143208675796755,0.3077100093098212,-0.06598900678920205,#153cd8
57fe6296,0.14449994406615713,0.14848282566111143,0.728188980707583,0.878172018326626,0.9731761462834456,-0.003982881594954302,0.14998303761904297,-0.05863657431634489,#153cd8
5eaf421a,0.14912894060012383,0.12481483651141241,0.6852942241970765,1.0088573829107836,1.1948013935545896,0.024314104088711416,0.3235631587137071,-0.07450256257008848,#153cd8
5e24c305,0.1849523384674187,0.15865147505560726,0.845836880903384,1.0857811138877527,1.1657776166442386,0.026300863411811454,0.23994423298436862,-0.06585581923453926,#153cd8
5ebefa4d,0.08207036275857942,0.06152938026977399,0.3655074411896654,0.619246725422706,1.333840230451599,0.020540982488805426,0.2537392842330406,-0.05895545135745464,#153cd8
5f5f53e5,0.1539987602846038,0.13853121894411055,0.641001015450634,0.9637973195763359,1.1116538312330415,0.015467541340493246,0.3227963041257018,-0.051911927111044254,#153cd8
5f418da1,0.10138884441987257,0.09327363213580843,0.46102098518681583,0.49841369549821246,1.08700435587464,0.008115212284064144,0.037392710311396626,-0.0539152420263818,#153cd8
59b39cd4,0.1992525876754619,0.17008841652779533,0.6927835489916154,1.2779503452186294,1.1714647695770666,0.029164171147666562,0.585166796227014,-0.030661671367451848,#153cd8
58d9a79c,0.19913830432837606,0.1419903494847929,0.6901014466402452,1.2097137133233324,1.4024777391628556,0.057147954843583176,0.5196122666830872,-0.05824665904194662,#153cd8
601d727d,0.1540086919431608,0.12226390844906646,0.6050474541159903,0.907895035025929,1.2596414910727216,0.03174478349409435,0.3028475809099388,-0.060277518438394295,#153cd8
605de3af,0.16153544127340164,0.1560356918581465,0.736126261041417,0.9348675134983708,1.035246739702702,0.005499749415255134,0.19874125245695384,-0.052506487313070394,#153cd8
6147a9a1,0.17279526444496113,0.12969272927487488,0.5199079950265578,0.8631706362040517,1.3323434969028478,0.04310253517008625,0.34326264117749383,-0.032783351112378956,#153cd8
5ee14621,0.1780859096769522,0.17707863091517814,0.8840493827743992,1.1015247376050703,1.0056883134716381,0.0010072787617740608,0.21747535483067115,-0.05199434870750266,#153cd8
61070b50,0.158739786717682,0.1312281676137844,0.6208307536047994,1.055648718843082,1.2096472091637112,0.0275116191038976,0.43481796523828264,-0.05481292197129589,#153cd8
61418d14,0.1496902995016512,0.09406895967497357,0.5325916397901456,0.811145398540184,1.5912826081936071,0.05562133982667762,0.2785537587500384,-0.07162254342176756,#153cd8
5fe546a1,0.15091931485987595,0.08390628331079017,0.4000948946677149,0.9407375937922009,1.7986652358425705,0.06701303154908578,0.5406426991244859,-0.04661619191257624,#153cd8
60c7acf7,0.11687665145265591,0.07501913225439778,0.4323935110643893,0.79061162278193,1.5579579227378273,0.04185751919825813,0.3582181117175407,-0.06440230857436795,#153cd8
5ffdf54a,0.21288081435745906,0.17979433242706064,0.8895037233532974,1.6831992148386816,1.1840240539496485,0.033086481930398426,0.7936954914853842,-0.049922847673632725,#153cd8
6154474d,0.03588460760110965,0.03364731390679864,0.2846789955934854,0.5008890298459396,1.0664924903220565,0.002237293694311006,0.21621003425245422,-0.06276765686348912,#153cd8
60a51aec,0.16380896993683214,0.15970342411745414,0.5612432670928749,0.8805880846528726,1.025707312426555,0.004105545819377998,0.3193448175599978,-0.012802755380742159,#153cd8
613bc88a,0.16629710016501048,0.14534291570763763,0.5953703059497176,0.75992719047916,1.1441706625696357,0.02095418445737285,0.1645568845294424,-0.03502220598108646,#153cd8
6111234a,0.11627712121772094,0.09506276818798956,0.5653434230250038,0.9388368805559274,1.2231615324706233,0.021214353029731375,0.37349345753092356,-0.07841861720611423,#153cd8
613de6cc,0.09853021183230179,0.0802694070526663,0.3403087959853268,0.5192921521874744,1.2274939538005336,0.018260804779635487,0.17898335620214756,-0.032902512109723045,#153cd8
60671cbc,0.18276254946993312,0.1659847462748391,0.5390764945687365,1.0077171215981127,1.1010803918530752,0.016777803195094004,0.46864062702937614,-0.001249153920663576,#153cd8
5796672b,0.05714080385392084,0.05289487832633037,0.38045575067524506,0.6301354796861821,1.0802710141688123,0.004245925527590469,0.24967972901093705,-0.07192811028826476,#153cd8
610b9b99,0.23225032451730118,0.17125459997259154,0.8604461887750121,1.5756568124621715,1.356169846266738,0.06099572454470964,0.7152106236871594,-0.054993761488352805,#153cd8
5e7fa0e9,0.23360568440965093,0.17951004188879893,0.948865455324083,1.7500851973371199,1.301351623294493,0.054095642520852,0.8012197420130369,-0.056700863428760184,#153cd8
602b9bfd,0.0874584033739297,0.06315128182333032,0.4183779623757363,0.6682074044742339,1.3849030589529452,0.024307121550599373,0.24982944209849756,-0.07246734917300265,#153cd8
5f330016,0.19174284504522,0.16158134998881052,0.6543638368902289,1.121670444995311,1.1866644576153011,0.03016149505640947,0.46730660810508207,-0.03163803298786236,#153cd8
6107d55f,0.12952253835004512,0.08139435080310573,0.48595245044739377,0.8690964751118843,1.5912964115084876,0.0481281875469394,0.3831440246644905,-0.07238466804240093,#153cd8
613fde25,0.16990474023725513,0.16429402156648196,0.6237471656215281,0.9954882023500626,1.0341504737499092,0.005610718670773174,0.37174103672853454,-0.022383560022805754,#153cd8
61401403,0.12649887661249443,0.0870540398526646,0.48129655152414863,0.739911928542518,1.4531074815894656,0.03944483675982982,0.25861537701836934,-0.06553245977486241,#153cd8
5fbfa308,0.20325484882788708,0.16175818907757245,0.7093041259921399,1.279905420916601,1.2565351404275091,0.041496659750314635,0.5706012949244611,-0.04199498223600601,#153cd8
5f2af6dc,0.16767087765341632,0.1502279339828218,0.7842208207789667,0.9001686839899001,1.1161098552589366,0.017442943670594513,0.11594786321093342,-0.06592521178148397,#153cd8
6101281e,0.08131712542434635,0.07039728312959684,0.36130130172699176,0.5929975532465976,1.1551173825081686,0.010919842294749516,0.23169625151960588,-0.04886688248737571,#153cd8
60039c60,0.2446043647710403,0.18137650908819203,0.8928145828469276,1.6223055991738324,1.3486000254426802,0.06322785568284828,0.7294910163269048,-0.048719430406810316,#153cd8
614f7a3a,0.08506144919748047,0.09299324242301292,0.4879963329133624,0.6383148167520314,0.9147057031364509,-0.007931793225532446,0.15031848383866897,-0.061309277718406816,#153cd8
60fd0591,0.1207979032057283,0.09722447292684139,0.7196079481540808,0.9611929087508415,1.2424639555168917,0.023573430278886906,0.2415849605967607,-0.10835675351199589,#153cd8
614f253f,0.168701817532564,0.18783474568196276,0.7001424488177145,0.9035041458327526,0.8981395690135298,-0.019132928149398765,0.20336169701503815,-0.01429316746460077,#153cd8
5db31089,0.051549576752136075,0.04350831058842626,0.39806039532646226,0.38528746825693905,1.1848213836610997,0.008041266163709815,-0.01277292706952321,-0.08642373147983577,#153cd8
5f24781f,0.19726801240901115,0.18587920925053764,0.9525493954189281,1.1742253642955829,1.0612699139639823,0.011388803158473515,0.22167596887665475,-0.05072303529323874,#153cd8
611d494b,0.08920368075731577,0.07572801985627255,0.44228867841319,0.6574764896245552,1.1779481482101244,0.013475660901043227,0.2151878112113652,-0.06637825625960907,#153cd8
5c041275,0.06286548313537128,0.05612353914338737,0.26529188625825384,0.36689213310614116,1.1201268504247253,0.006741943991983912,0.10160024684788732,-0.034405328079301495,#153cd8
60f4357c,0.1551990769170499,0.09774203968742792,0.6526304403504424,0.9506981557006979,1.587843648581158,0.05745703722962198,0.29806771535025556,-0.09512965673990059,#153cd8
613b3c33,0.14478608239271945,0.10513132838179155,0.586153145762658,0.9867248543717914,1.3771925516523387,0.0396547540109279,0.4005717086091334,-0.07316093534423247,#153cd8
61254bf4,0.16402164568432723,0.12331136877145668,0.5199717635206077,0.8924003732157487,1.3301421216751095,0.04071027691287055,0.372428609695141,-0.03918104469259065,#153cd8
6145c2b0,0.1033778648655322,0.08805553140390132,0.42544724414992985,0.4185587412498243,1.1740076201612932,0.01532233346163088,-0.006888502900105564,-0.049481193192356554,#153cd8
5d57f9cd,0.13853915374484102,0.14231166134049253,0.7434132121736403,0.8910023802611752,0.9734912265086593,-0.0037725075956515086,0.14758916808753486,-0.06743602730324041,#153cd8
5f0c6887,0.2275865952951733,0.19250008356923148,0.9787749327799627,1.6430820262463555,1.1822675142544714,0.03508651172594182,0.6643070934663927,-0.04678562502239397,#153cd8
605b4ce0,0.2178043091786983,0.15929267526835159,0.6256567852003071,1.2323400719088744,1.367321559586939,0.05851163391034672,0.6066832867085673,-0.027801671025648206,#153cd8
614072e7,0.07990660899434723,0.07876122991906037,0.3816747783923168,0.5672041848550078,1.0145424224134632,0.001145379075286862,0.185529406462691,-0.04641553338916882,#153cd8
61085ff4,0.08886355744279135,0.08792759380036681,0.41331736802672453,0.5593415313824841,1.010644708924363,0.0009359636424245421,0.14602416335575957,-0.046317956599845375,#153cd8
5fa10903,0.12649947151438284,0.11991919581596314,0.6774547380957496,0.7513379492247836,1.0548725802707875,0.0065802756984197075,0.07388321112903395,-0.07789852948305201,#153cd8
6089721b,0.14421521649857283,0.10154716502539496,0.44933073201525253,0.658912901470595,1.420179642262858,0.04266805147317787,0.20958216945534247,-0.0424698169267928,#153cd8
613a9a26,0.07544444590553429,0.07643773650875242,0.46239441006627746,0.5958373272946865,0.9870052326431147,-0.000993290603218136,0.13344291722840906,-0.07112378618484728,#153cd8
612d416b,0.2282357395462721,0.17042472801277553,0.9009304119720456,1.5383735460875267,1.339217273265432,0.057811011533496576,0.6374431341154811,-0.06059687720772608,#153cd8
5d91e1e7,0.17906686367467262,0.15153644908744884,0.7266408890210087,1.1118302772063942,1.1816751992871133,0.027530414587223773,0.3851893881853855,-0.05530545122399433,#153cd8
5c5d36bc,0.1936469911763484,0.15701499825037338,0.8313496618046672,1.1795868383077295,1.2333025082582383,0.03663199292597502,0.3482371765030623,-0.06561962734868773,#153cd8
5eff5f05,0.09546760225072984,0.06571996052855299,0.33518361533224156,0.6017072629162761,1.4526424161385878,0.02974764172217685,0.2665236475840345,-0.04596457718223168,#153cd8
6077a808,0.1758020642927307,0.16742722303621915,0.774329348120791,1.221435791454115,1.0500207857756791,0.008374841256511556,0.44710644333332394,-0.04720798801086695,#153cd8
6106ac34,0.19279044719331404,0.16141361294003737,0.79908180558784,1.3046039829446694,1.1943877823051559,0.03137683425327667,0.5055221773568294,-0.056918452043410034,#153cd8
5fd80e19,0.12162913702786723,0.09373793929876292,0.3667224476798084,0.7462353307179752,1.297544387446038,0.02789119772910431,0.3795128830381668,-0.02709950001965608,#153cd8
5ae59f8c,0.1475559150119063,0.15515314695398427,0.7622968254079617,0.901495834670016,0.9510339809972969,-0.007597231942077981,0.1391990092620543,-0.05759331316747354,#153cd8
60d1be6a,0.18104299556446568,0.143144479461855,0.6019421758328922,0.9288335264452954,1.2647570918912723,0.03789851610261069,0.32689135061240315,-0.03869859775120646,#153cd8
5daca079,0.0747326701066425,0.07047907479493477,0.41526153269383403,0.3229505595255723,1.0603525986129068,0.004253595311707728,-0.09231097316826176,-0.06429398178260874,#153cd8
6041603b,0.10343444571269647,0.09270386374286431,0.5579581832554261,0.7965522096547947,1.1157511837866427,0.010730581969832162,0.23859402639936855,-0.079020971538219,#153cd8
5c919cee,0.08678537446285464,0.0823012608348053,0.5109571392977483,0.6667849722016281,1.0544841425582754,0.0044841136280493465,0.1558278329038798,-0.07788222951775581,#153cd8
5f2ae58f,0.2243266930678094,0.17525671210254076,0.8585692558558913,1.2402012534908156,1.2799891677561446,0.04906998096526863,0.3816319976349243,-0.05076796550452181,#153cd8
604c285c,0.03870655838833788,0.033744374271303126,0.0867878775809457,0.35060703498824736,1.1470521894150127,0.004962184117034751,0.26381915740730166,0.0022779171674550194,#153cd8
5fae59f2,0.16668028163153098,0.15718800374573053,0.7072448836315525,1.081265532302326,1.0603880554470002,0.009492277885800454,0.37402064867077345,-0.046199863224473975,#153cd8
6138e5b4,0.15130385174792876,0.14532689758165793,0.7919547936495531,0.9170097086771591,1.0411276526625943,0.005976954166270837,0.12505491502760602,-0.07197333409132958,#153cd8
6131f701,0.1902075409255363,0.1858290412926457,0.8859782890305313,1.3200015974178547,1.0235619771938407,0.004378499632890581,0.4340233083873234,-0.04347175731461578,#153cd8
5cd48ff6,0.0666527884996973,0.05672983310480674,0.35395537741850414,0.6346353746917999,1.1749159983699968,0.009922955394890562,0.28067999727329573,-0.060402467842232854,#153cd8
613bbfeb,0.04974249580032711,0.04636407301102878,0.21976010134936147,0.48821280400517486,1.0728672562588426,0.003378422789298327,0.2684527026558134,-0.029693879157995137,#153cd8
613a7916,0.09528664797052437,0.09414292927430401,0.44607291212434763,0.6761875613486696,1.0121487477077318,0.001143718696220361,0.230114649224322,-0.04899011514617241,#153cd8
603c11e7,0.15733300881443574,0.1491809270886845,0.6693165449659592,0.9001000581087935,1.054645603059599,0.008152081725751242,0.2307835131428343,-0.04703768621692636,#153cd8
613a7319,0.08702374658515856,0.06961328970114708,0.4724631987873248,0.47422396102149256,1.2501024870215922,0.01741045688401148,0.0017607622341677676,-0.08068017660733842,#153cd8
614ff508,0.15970124841195196,0.14658786853381872,0.7687800114980756,0.9540945140277802,1.0894574701801323,0.013113379878133241,0.1853145025297046,-0.06717957485589438,#153cd8
611eb4cf,0.09992065173083754,0.09012447482759582,0.33495630074851535,0.6497789641743477,1.108696077530342,0.009796176903241721,0.3148226634258323,-0.021494093794799718,#153cd8
5ea4273e,0.10967366414753807,0.09278763215804837,0.5254168984873522,0.5979921592921527,1.1819858056160668,0.016886031989489694,0.07257526080480048,-0.07109944820048768,#153cd8
5fd36719,0.09430538374851735,0.0844439673077372,0.4247476515845842,0.718296816755716,1.1167805913812934,0.009861416440780146,0.2935491651711318,-0.0529029382849773,#153cd8
607458a3,0.21835825743203768,0.18035929679136836,0.7053204496482677,1.2083012793886332,1.2106847903971638,0.03799896064066932,0.5029808297403655,-0.02268718049781293,#153cd8
606699d4,0.1436230873360155,0.10848754907641316,0.5665604135287966,0.9251461718537447,1.323867011087647,0.03513553825960235,0.3585857583249481,-0.06528329270281545,#153cd8
615027bb,0.09136603886489428,0.05576573428695223,0.26239906030847426,0.6260435647943646,1.6383903132119542,0.03560030457794205,0.36364450448589036,-0.0338848445436327,#153cd8
61330f6e,0.07041329604128951,0.07628830650688423,0.3252338134196809,0.5360465136195591,0.9229893710504039,-0.0058750104655947155,0.21081270019987824,-0.03243947753284726,#153cd8
5c44a1a1,0.13195198132266694,0.10461011376547394,0.5290015475375481,0.9347926836119708,1.2613692555434066,0.027341867557193006,0.40579113607442263,-0.060195105700577706,#153cd8
5f591a1b,0.11043070700356697,0.09540416174883812,0.5558571918843997,0.7886671945364698,1.1575040855585301,0.015026545254728851,0.23281000265207008,-0.07582096103199115,#153cd8
61444f10,0.09173212667890139,0.06108651229094173,0.38222171569444496,0.7307445066314753,1.5016756275428083,0.03064561438795966,0.3485227909370303,-0.06424897798779658,#153cd8
60e2f779,0.10561030580305023,0.09495975617712478,0.4191725505908924,0.6022553518642403,1.1121585612125982,0.010650549625925446,0.18308280127334786,-0.04087446879590188,#153cd8
61390879,0.06838758187937409,0.06138374467386774,0.28482420477643744,0.6070386539995761,1.1140992170275337,0.007003837205506347,0.3222144492231387,-0.03507531293124094,#153cd8
5c2b4b95,0.18440542624159534,0.1410456432883432,0.7111799722926465,0.9735762777314261,1.3074166769164972,0.04335978295325213,0.26239630543877956,-0.06304029837523992,#153cd8
5d5daa04,0.037301846063221615,0.030474913496732432,0.27657889565125965,0.48032292125322645,1.2240181113958266,0.006826932566489183,0.2037440256019668,-0.06348079291488185,#153cd8
5e617adc,0.15913693344512153,0.14114477208158877,0.528139491823434,0.8175136262624539,1.1274730979985033,0.017992161363532766,0.28937413443901994,-0.023439648345867398,#153cd8
60ffa96e,0.16382878131896278,0.12337653100526484,0.6364741338825415,1.0267950461526312,1.3278763796006854,0.04045225031369794,0.3903209122700897,-0.06607864630419923,#153cd8
5decb11b,0.19604719386487668,0.16861120115190295,0.8521537375385145,1.3876198968930784,1.162717497565636,0.027435992712973728,0.5354661593545639,-0.05664890578390083,#153cd8
613a8e09,0.08222042798054499,0.0593226112742982,0.3315225217760821,0.581433742215046,1.3859880105474618,0.02289781670624679,0.24991122043896385,-0.05129943849379456,#153cd8
60940b78,0.15088701286539954,0.1063908536733672,0.5840700354613426,0.8706536971649177,1.4182329369086646,0.04449615919203234,0.2865836617035751,-0.0714329369342959,#153cd8
6152e626,0.2114527477584302,0.18660770386638345,0.7164298464724578,1.2495582276907988,1.1331405047984329,0.024845043892046753,0.533128381218341,-0.01840955208868736,#153cd8
60866f86,0.20053504773910474,0.1308807228041813,0.6233029829733352,1.1092217766905101,1.53219697631971,0.06965432493492343,0.48591879371717495,-0.05569991819428424,#153cd8
613867f3,0.2146135603670883,0.1648953433680586,0.683180904279868,1.0925569953547578,1.301513772211596,0.0497182169990297,0.4093760910748898,-0.034017782980143324,#153cd8
59692d61,0.1948959244322285,0.18912573734423432,0.9759823178944194,1.3975884754365537,1.0305097929505578,0.0057701870879941775,0.4216061575421344,-0.04987727334821268,#153cd8
611709f6,0.1721398707999074,0.11524059812931468,0.6104471498909565,1.2711943055449861,1.4937432952816199,0.05689927267059271,0.6607471556540296,-0.06851517267277289,#153cd8
60f95f62,0.129714711638757,0.08731495929595989,0.4764424223847853,0.785205887849682,1.485595511750516,0.04239975234279711,0.30876346546489675,-0.06402824824540407,#153cd8
60edea79,0.08834970764760733,0.06144883332705785,0.4358035841331117,0.6642246721323218,1.4377768114387321,0.02690087432054948,0.22842108799921013,-0.07889785557319796,#153cd8
614c5dc3,0.11787449471772693,0.09436541504074766,0.4771076783112925,0.7614191663104387,1.2491281330859179,0.023509079676979266,0.2843114879991462,-0.05714818504785865,#153cd8
61519ca7,0.1492083327480736,0.13358020178600602,0.6042772633737354,1.014469171351481,1.1169943655804897,0.015628130962067582,0.41019190797774563,-0.04878801600228749,#153cd8
60f45fc7,0.13685124743187688,0.13814987971834664,0.7295200795480417,0.8693016282261077,0.9905998304948412,-0.0012986322864697586,0.13978154867806603,-0.0692081233643787,#153cd8
60732f93,0.17824942535423172,0.17086652271682318,0.7975915758884072,1.0698760101198492,1.0432085965115836,0.007382902637408539,0.272284434231442,-0.04724979004712099,#153cd8
5fd97d5b,0.1329378018299871,0.09008931329644096,0.5126292217595722,0.7497705840227488,1.4756223237328072,0.04284848853354614,0.2371413622631766,-0.07052244891138237,#153cd8
5f7082bf,0.09035931558837466,0.08876655504573641,0.4638609672686399,0.6378871680686168,1.01794325060624,0.0015927605426382524,0.17402620079997688,-0.059192885579787274,#153cd8
5915e5c6,0.10688351339495554,0.06714546875774516,0.3828917835163027,0.710556975947619,1.591820198330608,0.03973804463721038,0.3276651924313163,-0.058384482266283844,#153cd8
613a87bd,0.08313783979060366,0.06894375995471254,0.3270439705214675,0.7612210379888553,1.205879108496764,0.014194079835891119,0.4341770674673878,-0.04033360432177839,#153cd8
6026944b,0.12572399035818288,0.11743848192138584,0.6451801315157637,0.8090413274250698,1.0705519034411857,0.00828550843679704,0.16386119590930615,-0.07391673483737737,#153cd8
5eed9bc3,0.11796316064436241,0.07961054344078586,0.36665015340934454,0.712192382507318,1.4817529883099358,0.03835261720357655,0.34554222909797344,-0.04120591531826877,#153cd8
612939df,0.18384784213882532,0.1386214808934513,0.579062951043096,0.8720631345455445,1.3262579576691753,0.04522636124537402,0.2930001835024485,-0.038076260627981834,#153cd8
6149aa57,0.15296033614981802,0.1271935598707883,0.49314169452115475,0.7746675912023766,1.202579252481064,0.025766776279029735,0.28152589668122185,-0.028426845968302528,#153cd8
6150c71c,0.21252766865059494,0.15561441716327695,0.7337133845540471,1.3735095458871074,1.365732510681207,0.05691325148731799,0.6397961613330603,-0.05249524730278202,#153cd8
60ff5803,0.1744567772077526,0.12680210661220215,0.6713277600668189,1.0976630670166239,1.375819234149574,0.04765467059555045,0.4263353069498049,-0.06981991838966911,#153cd8
60dba785,0.08932500452364159,0.07164267649674919,0.3843428034633424,0.6131971834514947,1.2468127782425151,0.017682328026892402,0.22885437998815228,-0.05430837581155082,#153cd8
6154b025,0.12798674067535737,0.13462170293415493,0.5042043174735692,0.731582962254824,0.9507140222253555,-0.006634962258797561,0.2273786447812548,-0.02383218161431086,#153cd8
61411ac4,0.1853159506758129,0.17031621419216672,0.7479194487666013,1.0085974951906977,1.0880699266055907,0.014999736483646192,0.2606780464240964,-0.04014977594271521,#153cd8
613aa05b,0.082899062041312,0.06367430334441075,0.4312613610382955,0.5836549947650486,1.3019233456378094,0.019224758696901253,0.15239363372675307,-0.07543995355979667,#153cd8
5c477c8d,0.11950563307566553,0.09256471114105766,0.4423997423422049,0.7414979118936527,1.2910495976544787,0.02694092193460787,0.29909816955144775,-0.049571699720931256,#153cd8
5d3f34ea,0.11894728464716649,0.10061394393314863,0.32792299734725544,0.557127715944213,1.182214710976832,0.018333340714017862,0.2292047185969575,-0.0089303009199274,#153cd8
613a29d2,0.22093631189468574,0.1568124188312127,0.6964105602042026,1.1779561272681816,1.4089210123880158,0.06412389306347305,0.481545567063979,-0.04463150709805791,#153cd8
6091c8c4,0.16993456346536767,0.15996118751416122,0.8647870941863683,0.965325524679155,1.0623487241261167,0.009973375951206453,0.10053843049278666,-0.0668058975598105,#153cd8
6151a98b,0.23282232765257782,0.17519732544833855,0.7159195710784345,1.4703779547374751,1.3289148510502318,0.05762500220423927,0.7544583836590406,-0.029729408953115627,#153cd8
59388716,0.23001316459515486,0.21118206858636562,0.7993264836507111,1.2800271370241487,1.0891699571599187,0.01883109600878924,0.4807006533734376,-0.007185420355648897,#153cd8
5ad6fdb5,0.11856307426708132,0.10569779046510686,0.5968768405346625,0.8558389514479361,1.1217176229073735,0.012865283801974464,0.2589621109132736,-0.07500613755301902,#153cd8
6151c1e6,0.21350871699556334,0.17055017186556395,0.7221288343312705,1.2248631439471362,1.251882156787631,0.04295854512999939,0.5027343096158657,-0.03548293031054006,#153cd8
5df3a708,0.17121121947116918,0.16195723853768532,0.8303730001401087,0.9958550436961687,1.0571384213329285,0.009253980933483869,0.16548204355606,-0.060547417665583664,#153cd8
5658000c,0.17122669151795492,0.1654831926693541,0.7743001640859919,1.2908795468644152,1.034707445245371,0.005743498848600814,0.5165793827784233,-0.04914753982725312,#153cd8
5e0f2235,0.10490188760519574,0.0813115053581529,0.3926355032890867,0.6960390073978016,1.2901235457778606,0.023590382247042838,0.30340350410871486,-0.04704617585543505,#153cd8
6118baea,0.1313620301204796,0.1283874613355209,0.6861412681320179,0.8605305112283036,1.0231686860540463,0.002974568784958692,0.17438924309628567,-0.0710919750996313,#153cd8
614083f4,0.16274187522841616,0.16914569154483805,0.8545911208101046,1.0276966528591147,0.9621402339135293,-0.006403816316421895,0.17310553204901014,-0.05640489102705379,#153cd8
613a7ca0,0.08270500799817274,0.05229979361280094,0.27218860871127926,0.5605812915875239,1.581363945916792,0.030405214385371797,0.28839268287624464,-0.04032298156674801,#153cd8
5d1ac31e,0.18067695858936633,0.11237113193353261,0.6585261776775917,1.1622657703829746,1.6078592026307659,0.06830582665583372,0.5037395927053829,-0.08168313785197835,#153cd8
6154b537,0.13202527035775116,0.09827358947740875,0.45170185995851486,0.8964909116029552,1.3434460983853784,0.033751680880342416,0.4447890516444404,-0.04638674571459145,#153cd8
5a212dcc,0.15591418739575147,0.12950623164858852,0.7258862766058092,0.9543458319130964,1.2039126257554942,0.026407955747162953,0.22845955530728723,-0.07720040232494763,#153cd8
606e25a4,0.08957239574260097,0.05856347934476367,0.453817295094516,0.7092655071454066,1.5294923857800107,0.031008916397837295,0.2554482120508906,-0.08667083248659363,#153cd8
60a142ec,0.19878717357936895,0.1693140834296824,0.7646670805275799,1.3007747509182965,1.1740734707513387,0.02947309014968655,0.5361076703907166,-0.04380564853450669,#153cd8
611a78ef,0.16694871694008068,0.1362408072866097,0.6742327684540596,1.2070681226089914,1.2253943606548863,0.030707909653470977,0.5328353541549319,-0.06096056340227485,#153cd8
5dc368ce,0.15277778803874806,0.12854052256939905,0.4497851071767832,0.8569530758373392,1.1885573901900337,0.024237265469349012,0.40716796866055593,-0.015599744055423831,#153cd8
611a435c,0.1720566716294983,0.13267230758255072,0.6759430947712038,1.0462689767027582,1.296854443587951,0.03938436404694759,0.37032588193155436,-0.06485624418735933,#153cd8
615053d9,0.18543650380150378,0.1485948903718583,0.5830783140873368,0.96225661994981,1.24793324546658,0.03684161342964548,0.37917830586247325,-0.029005870853091698,#153cd8
613bb986,0.1042832488146499,0.1274497843266486,0.6368699475165942,0.8120663668572119,0.8182300924682319,-0.02316653551199871,0.1751964193406177,-0.06209177728372553,#153cd8
5c437f6a,0.1740964526045888,0.12068255998068027,0.6905128818032378,1.337676660612569,1.4425982729605622,0.05341389262390854,0.6471637788093312,-0.07963315504788317,#153cd8
5bced499,0.18553857050655492,0.15944513374565777,0.6546773460901528,1.0385448793066865,1.1636515091299096,0.02609343676089715,0.38386753321653366,-0.03383713324480381,#153cd8
5c0832da,0.1469934492690515,0.12276020338126199,0.5897116173074158,0.8015665362009005,1.1974031096423587,0.02423324588778951,0.21185491889348462,-0.05633232918319979,#153cd8
613041ad,0.22563735693956838,0.19698246750891008,0.8350385050323998,1.5931783838519942,1.145469237912568,0.028654889430658304,0.7581398788195943,-0.026131987276258595,#153cd8
613ad811,0.19590941636974385,0.13985583981319874,0.6154334694263479,0.9484572558458971,1.4007953949682344,0.05605357655654511,0.3330237864195492,-0.04500732010888664,#153cd8
5f2e44f2,0.12415710510755287,0.08305214586141427,0.40255424129622314,0.8158383290516813,1.4949295267424971,0.041104959246138606,0.41328408775545816,-0.048184057678261866,#153cd8
61325518,0.16761029640805672,0.13849413769290758,0.729233279497386,0.9606852214003799,1.2102338712683303,0.029116158715149137,0.2314519419029939,-0.068812455696865,#153cd8
613a8742,0.07437048854944836,0.06486059328561097,0.2634370184479511,0.5228056652706661,1.1466205407952552,0.009509895263837387,0.259368646822715,-0.025105119120660296,#153cd8
60dc8334,0.25434479986019487,0.18097464555992454,0.9936747900623386,1.9119616334558303,1.4054167591999838,0.07337015430027033,0.9182868433934916,-0.05975685096806696,#153cd8
6029a5e3,0.10116122797737423,0.08555510567221564,0.4995375243698996,0.7997481356483553,1.1824101809300522,0.015606122305158593,0.3002106112784557,-0.07170346932288427,#153cd8
60992474,0.17623248851677215,0.1369633880752598,0.5462039902430218,1.0416148594971488,1.286712390759014,0.039269100441512356,0.49541086925412703,-0.031965758818094464,#153cd8
5db05d7b,0.06855885847771262,0.054056202209189316,0.5028377857123105,0.7600984216989409,1.268288478950116,0.014502656268523303,0.2572606359866304,-0.10404767143608772,#153cd8
6130e6f7,0.19734426983387673,0.1384311369960421,0.6738033044878452,1.157198921521746,1.4255771795005847,0.05891313283783464,0.48339561703390077,-0.05868743537842358,#153cd8
612b9799,0.18767009267700124,0.15681391104844805,0.6478849239188003,0.9805033415776799,1.1967694155591853,0.030856181628553192,0.3326184176588797,-0.035105924569709984,#153cd8
5d77a007,0.17353063004472535,0.15868286695838998,0.6563724190430122,0.9678531734650584,1.093568785155796,0.01484776308633537,0.31148075442204615,-0.03493939959497555,#153cd8
6117249e,0.24377751582875837,0.16675542762910495,0.9207414183516548,1.655541395633335,1.4618865442327003,0.07702208819965342,0.7347999772816801,-0.06642914954765794,#153cd8
6155b1c2,0.1953393600275486,0.18740239007999077,0.9682475195193773,1.3296984585377303,1.0423525545441017,0.007936969947557826,0.361450939018353,-0.050817622834097076,#153cd8
6102bb09,0.13382827813858897,0.0711118647944248,0.42639922139864816,0.7863331159923523,1.8819402152575972,0.06271641334416417,0.3599338945937042,-0.06668315781942044,#153cd8
6149e5c5,0.19942489150903492,0.18407204803702437,0.9225882549677735,1.2091853117308884,1.083406707513367,0.015352843472010547,0.28659705676311487,-0.049310547466143106,#153cd8
613a66ff,0.1465749549350816,0.077445360723337,0.41058168635793235,0.8296805168480365,1.8926240844651838,0.0691295942117446,0.4190988304901041,-0.05605792282884865,#153cd8
613a7c75,0.2268015185727111,0.17893213640369568,0.7454314405027451,1.3575873473351725,1.2675281429659762,0.04786938216901543,0.6121559068324274,-0.031137261140217892,#153cd8
613a7d06,0.1629088675001406,0.13008907756419308,0.6944071208718594,0.9369482351750712,1.252287052460284,0.03281978993594753,0.2425411143032118,-0.07097159550861706,#153cd8
60d33b65,0.11119119059839766,0.09385534205533293,0.470910285079832,0.7302250677445747,1.1847081707170626,0.017335848543064733,0.2593147826647427,-0.056016775389332904,#153cd8
61484b1c,0.17238003328555812,0.16699598728599924,0.7649770133375192,0.9672331422493325,1.0322405710883227,0.005384045999558884,0.20225612891181333,-0.04617255342883081,#153cd8
5c813f9e,0.12517541054427458,0.13580237506436016,0.6649318786020222,0.7039829624778433,0.9217468434182452,-0.010626964520085574,0.039051083875821124,-0.05953675712823822,#153cd8
614ce14e,0.1894997136524476,0.15148384920630348,0.7138386872322668,1.1263907014960233,1.2509565517731922,0.03801586444614413,0.41255201426375643,-0.053073741707424016,#153cd8
60b81786,0.16560674412904744,0.11286061061087752,0.546606199181353,0.9263682286261009,1.4673564428959969,0.052746133518169924,0.3797620294447479,-0.05616420009003434,#153cd8
613bac1c,0.21058584221904547,0.190395808772099,0.9844380743855785,1.6700367349569973,1.106042425918701,0.020190033446946476,0.6855986605714188,-0.0494423731558995,#153cd8
5ed22618,0.16460738942605463,0.1472497254234698,0.7108938805104006,0.9320316507238715,1.1178790924917963,0.017357664002584816,0.22113777021347092,-0.056785464287522236,#153cd8
5f35fb8d,0.12482968748741526,0.07556382311375472,0.40858512688079,0.8868699749440543,1.6519768633132166,0.04926586437366054,0.47828484806326427,-0.057397738085679925,#153cd8
60379326,0.0645682826487864,0.04557614510401372,0.3698450947334795,0.5883292925760948,1.4167122406124717,0.018992137544772685,0.2184841978426153,-0.07616751930614765,#153cd8
600f902a,0.1637294911635508,0.1321997443476253,0.6344214649798766,0.8978997597791503,1.238500815349662,0.03152974681592549,0.26347829479927365,-0.056807448473934735,#153cd8
6106c279,0.18826117637576253,0.13819818240840265,0.5832128204250726,1.0892685890994405,1.362255082483024,0.05006299396735989,0.5060557686743679,-0.039432828104565665,#153cd8
5edae378,0.09640765145036351,0.07854189027878097,0.5160029665512699,0.7763473219958598,1.227467929638169,0.017865761171582534,0.2603443554445899,-0.0829339919554827,#153cd8
613a944c,0.16890942670916145,0.1563482815733866,0.837564204168938,1.101866111120125,1.080340794343038,0.01256114513577486,0.26430190695118694,-0.06709246317055689,#153cd8
6152d60f,0.22811988850053888,0.16596593693825823,0.8642990392365402,1.568687558817993,1.3744982416807783,0.06215395156228065,0.7043885195814528,-0.060742266061692446,#153cd8
614e0468,0.11751577163869276,0.0905014707335996,0.37244485184079573,0.7865033955718278,1.2984957115737106,0.027014300905093158,0.41405854373103207,-0.031996670593930895,#153cd8
613aea5a,0.14573597174333233,0.1333854909952793,0.6146995187925126,0.8291601704292987,1.0925923850929944,0.012350480748053033,0.21446065163678607,-0.051317487955379715,#153cd8
614721cb,0.048931222221283745,0.03296315499769763,0.246355300052527,0.5162699451685795,1.4844216891466073,0.015968067223586117,0.26991464511605245,-0.051641868159538654,#153cd8
5dadfe59,0.16539602915707213,0.14901937053382422,0.6468408505420652,0.9611158450674516,1.1098961736624082,0.016376658623247914,0.31427499452538643,-0.04269104371923521,#153cd8
60a2d0f8,0.1931204568793206,0.15646725513781248,0.6334871242043764,1.1173091298380995,1.2342547756028883,0.03665320174150813,0.48382200563372313,-0.03233602258896681,#153cd8
5f3afe23,0.1454986338001713,0.13866038755527538,0.6222431038620535,0.8725873427152255,1.0493165089573253,0.006838246244895929,0.25034423885317203,-0.047688940248796635,#153cd8
5ef6f639,0.1455870043820768,0.14422867231198153,0.5862202475094339,0.6087758697691481,1.0094179059428423,0.0013583320700952806,0.022555622259714192,-0.03407868200455985,#153cd8
5ec509f1,0.09566065410499829,0.08078205912196115,0.3786624316557839,0.5749436213039139,1.1841819228768864,0.014878594983037133,0.19628118964812996,-0.0435204894092682,#153cd8
60844994,0.2356853951403038,0.1762022659266715,0.9848453246261446,1.6219211958861397,1.3375843602283006,0.0594831292136323,0.6370758712599951,-0.06367530257535176,#153cd8
614f2de7,0.12023169765365174,0.11728194613784597,0.5064788239877109,0.7736689776276091,1.0251509427745922,0.0029497515158057735,0.2671901536398982,-0.041754509633545614,#153cd8
5f36cd24,0.13597705324353035,0.12323756717169962,0.6750404272715356,0.8335454548367437,1.1033733979354003,0.01273948607183073,0.15850502756520812,-0.07411830659788521,#153cd8
5fe4c413,0.07708395803621386,0.0645548865181732,0.3100908259751788,0.5361105088074265,1.1940840142986469,0.012529071518040655,0.22601968283224771,-0.039575348161461035,#153cd8
60bb1f9a,0.18654552298222743,0.12301165868813797,0.5378260212454029,0.9841194066481231,1.516486526331313,0.06353386429408946,0.44629338540272023,-0.043924821365844205,#153cd8
613dbd29,0.1373653378235326,0.13253818587619853,0.5765121525679977,0.7732102655669086,1.0364208391372056,0.004827151947334074,0.19669811299891093,-0.04358590358505082,#153cd8
5f6dff31,0.21828215785615868,0.15813069095838764,0.6245102550879523,1.224224551344471,1.3803908433790377,0.06015146689777104,0.5997142962565186,-0.02871343100348389,#153cd8
5e5ba8c4,0.16850782986491067,0.17056829934327752,0.7911709885466047,0.9307475075860147,0.987919974073142,-0.0020604694783668553,0.13957651903940993,-0.04661845472912035,#153cd8
61516255,0.1939465208572862,0.16651234259358644,0.6914114244497229,1.112648105194806,1.164757625989681,0.02743417826369976,0.42123668074508314,-0.03397526136136353,#153cd8
60fd7e2d,0.19753567633009178,0.16878738616709285,0.7199531352975271,1.1773455477043737,1.1703225034514086,0.02874829016299893,0.4573924124068466,-0.03685571601066165,#153cd8
615201ea,0.19594998526745885,0.15082954093182194,0.8509228013823501,1.3800480883086126,1.2991485889095975,0.04512044433563692,0.5291252869262625,-0.07428386894278788,#153cd8
5ed013f8,0.1811624252477063,0.1564125375320327,0.6448185196544121,1.0221484896393878,1.158234679305071,0.024749887715673574,0.3773299699849757,-0.0348637592877587,#153cd8
5e67f0cc,0.09241222097813723,0.08930332472290195,0.36183438126852413,0.4941625211183213,1.0348127716955873,0.0031088962552352772,0.1323281398497972,-0.030115546196375964,#153cd8
5f32e2c9,0.13157730529715253,0.08354282692624782,0.5818664872478684,0.9868053232580634,1.5749683143151223,0.048034478370904715,0.404938836010195,-0.09378540513976097,#153cd8
614d0ee1,0.1209380455786663,0.12026009418685642,0.5438263108269573,0.6680939693711587,1.0056373761919437,0.0006779513918098862,0.12426765854420141,-0.04810353104744232,#153cd8
6148d526,0.17767475768615457,0.1790651462621165,0.7413378992002342,1.0186885411436553,0.9922352919873827,-0.0013903885759619372,0.2773506419434211,-0.030351734095667382,#153cd8
605563e7,0.15214960095980026,0.1101158400361382,0.5049845238544362,0.8233161796887825,1.381723110043635,0.04203376092366207,0.3183316558343463,-0.048537879413924984,#153cd8
5eb03bbe,0.13417271139827353,0.10653758349078454,0.5254373503420195,0.8720762395751473,1.2593932300884167,0.027635127907488982,0.3466388892331278,-0.057354735218097225,#153cd8
5bed5d8c,0.11585371056977249,0.10541744089567842,0.6273453004683078,0.9018457102729194,1.0989994595336634,0.01043626967409407,0.27450040980461154,-0.0820454152182302,#153cd8
5ea60638,0.15821711041667738,0.14399863968329824,0.5984201917526983,0.7338311699304618,1.0987403128574713,0.014218470733379146,0.13541097817776349,-0.03705237440001721,#153cd8
5e7c4f45,0.09092669828905059,0.08966051316040344,0.3950389100531437,0.6137760743702309,1.014121992881994,0.0012661851286471515,0.21873716431708717,-0.03939466203115144,#153cd8
5ca7ca2e,0.23832556261981203,0.16808175806465514,0.7667607050408639,1.3753068373232928,1.4179145040126042,0.07024380455515689,0.6085461322824289,-0.04536768147978243,#153cd8
5cec2a10,0.21998867968408367,0.14456016482154566,0.7729976589740345,1.532289968489595,1.5217793916854745,0.07542851486253802,0.7592923095155605,-0.06987068664651097,#153cd8
610636e5,0.07125531679965422,0.05188322612927711,0.2977858152348105,0.5747072060088748,1.3733786835480852,0.01937209067037711,0.2769213907740643,-0.0485110948501903,#153cd8
6151aad7,0.10122295232822702,0.06877979075384308,0.37331554604845324,0.728441113182426,1.4716961365947625,0.03244316157438394,0.35512556713397275,-0.053971035211000606,#153cd8
611ed2c0,0.08812809495980418,0.06575650515900687,0.37613986539677036,0.7696257570311433,1.3402186558835543,0.022371589800797315,0.393485891634373,-0.057813968052722875,#153cd8
6155058f,0.1450131082569664,0.11876214849103024,0.5710849480425811,0.875533842442383,1.2210381009393647,0.026250959765936152,0.30444889439980183,-0.056084835953774656,#153cd8
610a5002,0.14682620233822813,0.1267665912347958,0.6762075358406816,1.0260183003322874,1.1582405183261426,0.020059611103432323,0.34981076449160575,-0.07081254744014634,#153cd8
5d88f2f8,0.1633012873607732,0.14950255742063984,0.6076571337869908,0.632392112772384,1.0922976180354516,0.01379872994013337,0.02473497898539323,-0.03362576338819645,#153cd8
6154872d,0.10562109861589615,0.10679956815923168,0.4115399290092966,0.6363975301298292,0.9889655963629131,-0.0011784695433355308,0.22485760112053266,-0.026963713389280344,#153cd8
611763bd,0.18801373914299252,0.18075735044198904,0.9182760722168973,1.0976312258267835,1.0401443630550022,0.00725638870100348,0.1793551536098862,-0.05216289164884802,#153cd8
61336aa3,0.21841621261624983,0.16509642916116068,0.8113281026645888,1.3634957949873543,1.3229614578946494,0.05331978345508914,0.5521676923227655,-0.05488253001867105,#153cd8
613a7218,0.05128704045355113,0.051487463290741664,0.26443771240001324,0.3131865784742639,0.9961073468300666,-0.0002004228371905309,0.04874886607425066,-0.038782068943408216,#153cd8
613b6732,0.21363416209575736,0.17494343521722552,0.7659720989733659,1.4138402902559535,1.2211613532710728,0.03869072687853184,0.6478681912825875,-0.03838181329074189,#153cd8
6122ae9b,0.19243470272783,0.16180804807393487,0.8514248035551834,1.4284514899794987,1.189277696742877,0.030626654653895136,0.5770266864243153,-0.06336518800945015,#153cd8
5f479d2b,0.19922563464834292,0.152777927228869,0.7012726963681872,1.2275242285406067,1.3040210602536382,0.04644770741947393,0.5262515321724195,-0.049550488950838106,#153cd8
60ee4a78,0.2232376757562129,0.18502147913985953,0.9734177110024232,1.6748227294057163,1.2065500545883399,0.038216196616353365,0.7014050184032931,-0.05372191502460183,#153cd8
608f39d2,0.17140207949836922,0.11806333474722737,0.4583448082589917,0.8160744214622294,1.4517807739832156,0.05333874475114185,0.3577296132032377,-0.028399417865208734,#153cd8
614dddfc,0.09882625873836207,0.09423556910953619,0.43871030253314514,0.6620962475624736,1.04871504116975,0.004590689628825875,0.22338594502932851,-0.04689979368121876,#153cd8
60492aa1,0.23727605813128613,0.179171180856853,0.8731826810844657,1.5721463306147716,1.3242981209174227,0.05810487727443314,0.6989636495303059,-0.04860880157500427,#153cd8
5f6b8c1f,0.17806093448884255,0.13673272459216845,0.6801495745510698,1.0383132750981339,1.302255440458335,0.0413282098966741,0.35816370054706403,-0.06160051607710118,#153cd8
5e57a002,0.10015046210076153,0.09294707124648492,0.4281621396521018,0.6603622051232148,1.0774999228880924,0.007203390854276612,0.23220006547111294,-0.0453262803302097,#153cd8
613ab096,0.14732592720539678,0.12232273416802923,0.6841375243786445,0.817405502537319,1.2044034840083102,0.025003193037367547,0.13326797815867453,-0.07677339117569247,#153cd8
607728dc,0.18003584349054874,0.18317506473671658,0.9555379865126928,0.9908991635571832,0.9828621802280789,-0.0031392212461678337,0.03536117704449038,-0.053738589551223404,#153cd8
60fdf772,0.060775161042143186,0.05094877915926127,0.24481588194008186,0.3779907847490215,1.1928678575823286,0.009826381882881915,0.13317490280893962,-0.03316151124435049,#153cd8
5df2235d,0.15432711910412691,0.13225291244072973,0.6995238421700949,1.028883323468433,1.1669090400809883,0.022074206663397183,0.32935948129833803,-0.06976526146409107,#153cd8
6152fef5,0.09581465053352395,0.07699995595386686,0.44113119042806803,0.7535415317766765,1.2443468226258412,0.018814694579657093,0.31241034134860846,-0.06479226134144872,#153cd8
604ba80d,0.17849731123840315,0.17996393469559507,0.663481600641446,0.9192265653344066,0.9918504590396254,-0.0014666234571919234,0.2557449646929606,-0.015084299177934912,#153cd8
6103fceb,0.22640087564547526,0.172385430689227,0.8793180247829919,1.5898958166175847,1.3133411259889256,0.05401544495624827,0.7105777918345928,-0.05612873837961621,#153cd8
5eee3308,0.2295190585390432,0.16022348114632667,0.8380527137483259,1.6028500756955304,1.4324932706301097,0.06929557739271652,0.7647973619472045,-0.06328037316130697,#153cd8
5edf7eb5,0.16223876669335385,0.11164090590445971,0.6429030729568072,0.9794160080715315,1.4532197260401567,0.05059786078889414,0.33651293511472435,-0.07921735447174355,#153cd8
5fb867b2,0.17842042265059388,0.13801981103902977,0.6450198881846425,1.0848163406961535,1.2927160333536427,0.04040061161156411,0.439796452511511,-0.05330043343241561,#153cd8
613a4e94,0.051093152644828735,0.049020885363356,0.3919972039190651,0.5761560942814982,1.0422731508440235,0.0020722672814727366,0.18415889036243305,-0.07915155464454499,#153cd8
60ec22d0,0.13627151482614216,0.12162385132313362,0.6927844124252182,0.8488038097773198,1.1204341364268446,0.014647663503008543,0.15601939735210169,-0.07912640174476902,#153cd8
5feb299d,0.18148406913429857,0.12922961541339578,0.6061650048141268,1.1758379849238723,1.4043535497164852,0.05225445372090279,0.5696729801097454,-0.053563138761031914,#153cd8
61390547,0.09541968287663014,0.08364812684754933,0.5237762926727136,0.7152222972139259,1.1407270727117984,0.01177155602908081,0.1914460045412123,-0.07981874379523929,#153cd8
606c7d27,0.21071854827137426,0.16403035412112907,0.7601546159640401,1.291802119449751,1.2846314293497656,0.046688194150245194,0.531647503485711,-0.048378747181849396,#153cd8
613acf28,0.18853512765745686,0.16098762027921257,0.6041231675805541,0.9502926821278544,1.1711156878427462,0.027547507378244296,0.3461695145473004,-0.02134594272545648,#153cd8
61471b89,0.12474137253242998,0.0944416634072682,0.4936685814177775,0.8390978409926071,1.3208298968062218,0.030299709125161778,0.3454292595748296,-0.06131369440571263,#153cd8
61085764,0.17377815559536092,0.1263738597091934,0.47834654669190924,0.8762442066713364,1.3751115617996668,0.04740429588616751,0.39789765997942717,-0.025457052755988974,#153cd8
5f67c7a2,0.17726044883934183,0.17193090393321284,0.8984645638732507,1.0721379819654995,1.0309981788276952,0.005329544906128997,0.1736734180922488,-0.0588094544751451,#153cd8
612ccc53,0.2222393596444055,0.14525519216924881,0.6226398307238731,1.2721587039531013,1.5299925346933971,0.07698416747515668,0.6495188732292282,-0.04118071924302191,#153cd8
60fd5bfe,0.16534476713774826,0.15458995860988345,0.7286790673685,1.119412378479773,1.069569903663699,0.010754808527864812,0.39073331111127296,-0.05261729074103144,#153cd8
5fda8761,0.22259455226529892,0.15886313706925131,0.7044970366673715,1.0458088599100261,1.4011718286053103,0.06373141519604761,0.34131182324265463,-0.04403726885695253,#153cd8
608847b5,0.15813232002519415,0.09107704619974555,0.47303011047561033,0.852574193252608,1.7362477882559606,0.0670552738254486,0.37954408277699764,-0.05937023908438083,#153cd8
5b27b6e8,0.23228272432311145,0.17643528654008217,0.8229929505249081,1.5273137169223194,1.3165321341223994,0.05584743778302928,0.7043207663974114,-0.04508726846662023,#153cd8
611b1f8d,0.09204520890890402,0.08290230867840653,0.4802697041166707,0.7350624035652886,1.1102852306075637,0.009142900230497492,0.25479269944861793,-0.0694211836786584,#153cd8
5f2710df,0.13260047413184,0.10266220984086782,0.4757597857953882,0.7780502997172614,1.2916191297399322,0.029938264290972183,0.30229051392187317,-0.04850615342978232,#153cd8
5c4cea77,0.07649768849315956,0.05913777575513115,0.35616048501697406,0.707618616830831,1.2935503156207588,0.017359912738028414,0.351458131813857,-0.05863447066169052,#153cd8
5b5dc988,0.18063064139149676,0.15241778338724987,0.7140899153849355,1.089969344801547,1.1851021408214952,0.028212858004246888,0.37587942941661157,-0.05218437476008944,#153cd8
5f06eefa,0.17269076436740674,0.14451676777326902,0.7122390091267995,1.2294004840271868,1.194953132624303,0.028173996594137718,0.5171614749003873,-0.05975704432398113,#153cd8
60d74024,0.15204970394483558,0.1269292256904076,0.530039043195351,0.8099685869195327,1.197909331895707,0.02512047825442798,0.27992954372418166,-0.03814172839121385,#153cd8
603541c9,0.2410251978095333,0.18852903192476103,0.8883709478312436,1.5846835271294173,1.2784513628952525,0.05249616588477227,0.6963125792981737,-0.04105435848637551,#153cd8
5c910a11,0.11878077354178193,0.11477162571273455,0.5403456820448369,0.7829720283406162,1.0349315242696135,0.004009147829047377,0.24262634629577928,-0.05276414571161733,#153cd8
613ae704,0.04876401813285805,0.04904526519118142,0.31610806788699264,0.25061256604794635,0.9942655614721002,-0.00028124705832337227,-0.06549550183904629,-0.05691185911657928,#153cd8
5b5f1cd2,0.21812837667530705,0.17804453932238645,0.9109796816337747,1.550139488941174,1.2251337643124258,0.04008383735292059,0.6391598073073992,-0.05409338177727352,#153cd8
6111a53d,0.1360155959465726,0.09450996559554083,0.5959781323585883,0.9574060158379899,1.4391667068069496,0.04150563035103176,0.3614278834794016,-0.08599185088702398,#153cd8
5e27350b,0.13819834406592388,0.1285772354084271,0.6056027911239952,0.8185597726647164,1.0748274655846752,0.009621108657496769,0.21295698154072118,-0.0540890818699635,#153cd8
60d20236,0.18499413918934657,0.1624866098172957,0.8045317009051602,1.0342201836610945,1.1385192872037821,0.02250752937205086,0.22968848275593423,-0.056596588922738805,#153cd8
611154fe,0.18703356585752545,0.15593701294033777,0.7575887101052344,1.2239481900134173,1.1994173950804443,0.031096552917187686,0.46635947990818283,-0.056068005105836816,#153cd8
5ee00b0d,0.18505771485929473,0.1547543422908937,0.7460780661415706,1.246925040052923,1.1958159759513527,0.030303372568401044,0.5008469739113525,-0.05541812843859317,#153cd8
610d8166,0.187448839835305,0.13711756715027498,0.6979974358157135,1.0721281209575038,1.367066552674969,0.050331272685030015,0.37413068514179026,-0.06462982615985655,#153cd8
