Subject,Trial,Jar,Bead,Prior,Posterior,Resp,Confidence,Correct,History,Response,Unnamed: 0
Ideal2_Hard,1,1,1,0.5,0.8,1.0,0,1,0,1,1000
Ideal2_Hard,2,1,1,0.794,0.9390892962743939,1.0,0,1,1,1,1001
Ideal2_Hard,3,1,1,0.9303075103489059,0.9816159551981529,1.0,1,1,11,1,1002
Ideal2_Hard,4,1,1,0.9719836360941898,0.992845578363469,1.0,1,1,111,1,1003
Ideal2_Hard,5,1,1,0.9829886667961997,0.9956922057059681,1.0,1,1,1111,1,1004
Ideal2_Hard,6,1,1,0.9857783615918487,0.9964062587313205,1.0,1,1,11111,1,1005
Ideal2_Hard,7,1,1,0.9864781335566941,0.9965848994894276,1.0,1,1,111111,1,1006
Ideal2_Hard,8,1,0,0.9866532014996391,0.94866815343675,1.0,1,0,1111111,1,1007
Ideal2_Hard,9,1,0,0.9396947903680151,0.7957340620909057,1.0,1,0,11111110,1,1008
Ideal2_Hard,10,1,1,0.7898193808490876,0.9376218340578587,1.0,1,1,111111100,1,1009
Ideal2_Hard,11,1,1,0.9288693973767016,0.981215219791915,1.0,1,1,1111111001,1,1010
Ideal2_Hard,12,1,0,0.9715909153960766,0.8952879795300428,1.0,1,0,1111110011,1,1011
Ideal2_Hard,13,1,1,0.8873822199394419,0.9692481512834483,1.0,1,1,1111100110,1,1012
Ideal2_Hard,14,1,1,0.9598631882577793,0.9896543665065338,1.0,1,1,1111001101,1,1013
Ideal2_Hard,15,1,1,0.9798612791764032,0.9948881095937718,1.0,1,1,1110011011,1,1014
Ideal2_Hard,16,1,1,0.9849903474018964,0.9962048640968727,1.0,1,1,1100110111,1,1015
Ideal2_Hard,17,1,1,0.9862807668149353,0.9965345340521587,1.0,1,1,1001101111,1,1016
Ideal2_Hard,18,1,1,0.9866038433711155,0.9966169711545587,1.0,1,1,11011111,1,1017
Ideal2_Hard,19,1,0,0.9866846317314675,0.948784391010257,1.0,1,0,110111111,1,1018
Ideal2_Hard,20,1,1,0.9398087031900518,0.9842407484571754,1.0,1,1,1101111110,1,1019
Ideal2_Hard,21,1,0,0.9745559334880318,0.9054415857002543,1.0,1,0,1011111101,1,1020
Ideal2_Hard,22,1,1,0.8973327539862493,0.972191957111247,1.0,1,1,111111010,1,1021
Ideal2_Hard,23,1,0,0.962748117969022,0.8659709724456337,1.0,1,0,1111110101,1,1022
Ideal2_Hard,24,1,1,0.8586515529967209,0.9604725281826713,1.0,1,1,1111101010,1,1023
Ideal2_Hard,25,1,1,0.9512630776190177,0.9873535060076832,1.0,1,1,1111010101,1,1024
Ideal2_Hard,26,1,1,0.9776064358875296,0.9943059768678313,1.0,1,1,1110101011,1,1025
Ideal2_Hard,27,1,1,0.9844198573304745,0.9960589123011528,1.0,1,1,1101010111,1,1026
Ideal2_Hard,28,1,1,0.9861377340551297,0.9964980245272811,1.0,1,1,1010101111,1,1027
Ideal2_Hard,29,1,1,0.9865680640367355,0.9966078435884105,1.0,1,1,101011111,1,1028
Ideal2_Hard,30,1,0,0.9866756867166422,0.9487513077589168,1.0,1,0,1010111111,1,1029
Ideal2_Hard,31,1,1,0.9397762816037384,0.9842318583072314,1.0,1,1,101111110,1,1030
Ideal2_Hard,32,1,1,0.9745472211410868,0.993512970591533,1.0,1,1,1011111101,1,1031
Ideal2_Hard,33,1,1,0.9836427111797023,0.9958598870271919,1.0,1,1,111111011,1,1032
Ideal2_Hard,34,1,0,0.985942689286648,0.9460460974630709,1.0,1,0,1111110111,1,1033
Ideal2_Hard,35,1,1,0.9371251755138095,0.9835033771801424,1.0,1,1,1111101110,1,1034
Ideal2_Hard,36,1,1,0.9738333096365396,0.9933273770654546,1.0,1,1,1111011101,1,1035
Ideal2_Hard,37,1,0,0.9834608295241455,0.936970676286222,1.0,1,0,1110111011,1,1036
Ideal2_Hard,38,1,1,0.9282312627604976,0.9810371086131937,1.0,1,1,1101110110,1,1037
Ideal2_Hard,39,1,0,0.9714163664409299,0.8946954276851464,1.0,1,0,1011101101,1,1038
Ideal2_Hard,40,1,1,0.8868015191314436,0.9690748716177052,1.0,1,1,111011010,1,1039
Ideal2_Hard,41,1,1,0.9596933741853512,0.9896092309152693,1.0,1,1,1110110101,1,1040
Ideal2_Hard,42,1,0,0.979817046296964,0.9238773263801197,1.0,1,0,1101101011,1,1041
Ideal2_Hard,43,1,1,0.9153997798525173,0.977417053264049,1.0,1,1,1011010110,1,1042
Ideal2_Hard,44,1,1,0.967868712198768,0.991768819220771,1.0,1,1,110101101,1,1043
Ideal2_Hard,45,1,0,0.9819334428363555,0.931449202073481,1.0,1,0,1101011011,1,1044
Ideal2_Hard,46,1,1,0.9228202180320113,0.9795195468250146,1.0,1,1,1010110110,1,1045
Ideal2_Hard,47,1,1,0.9699291558885144,0.9923088289682814,1.0,1,1,101101101,1,1046
Ideal2_Hard,48,1,1,0.9824626523889158,0.9955572272598026,1.0,1,1,1011011011,1,1047
Ideal2_Hard,49,1,1,0.9856460827146065,0.9963724687156473,1.0,1,1,110110111,1,1048
Ideal2_Hard,50,1,1,0.9864450193413344,0.9965764502220658,1.0,1,1,1101101111,1,1049
Ideal2_Hard,51,1,1,0.9866449212176245,0.996627449799184,1.0,1,1,1011011111,1,1050
Ideal2_Hard,52,1,1,0.9866949008032004,0.9966401983299236,1.0,1,1,110111111,1,1051
Ideal2_Hard,53,1,1,0.9867073943633251,0.9966433849709396,1.0,1,1,1101111111,1,1052
Ideal2_Hard,54,1,1,0.9867105172715208,0.9966441814988722,1.0,1,1,1011111111,1,1053
Ideal2_Hard,55,1,1,0.9867112978688948,0.9966443805971917,1.0,1,1,111111111,1,1054
Ideal2_Hard,56,1,0,0.986711492985248,0.9488837479623039,1.0,1,0,1111111111,1,1055
Ideal2_Hard,57,1,1,0.9399060730030578,0.9842674449916543,1.0,1,1,1111111110,1,1056
Ideal2_Hard,58,1,1,0.9745820960918211,0.9935220317419274,1.0,1,1,1111111101,1,1057
Ideal2_Hard,59,1,1,0.9836515911070888,0.9958621624820149,1.0,1,1,1111111011,1,1058
Ideal2_Hard,60,1,1,0.9859449192323745,0.9964487954580996,1.0,1,1,1111110111,1,1059
Ideal2_Hard,61,1,1,0.9865198195489375,0.9965955352882441,1.0,1,1,1111101111,1,1060
Ideal2_Hard,62,1,1,0.9866636245824791,0.9966322206685037,1.0,1,1,1111011111,1,1061
Ideal2_Hard,63,1,1,0.9866995762551336,0.9966413908703198,1.0,1,1,1110111111,1,1062
Ideal2_Hard,64,1,1,0.9867085630529133,0.9966436830569613,1.0,1,1,1101111111,1,1063
Ideal2_Hard,65,1,0,0.986710809395822,0.9488812192459685,1.0,1,0,1011111111,1,1064
Ideal2_Hard,66,1,1,0.9399035948610491,0.9842667655934821,1.0,1,1,111111110,1,1065
Ideal2_Hard,67,1,1,0.9745814302816126,0.9935218587567758,1.0,1,1,1111111101,1,1066
Ideal2_Hard,68,1,0,0.9836514215816403,0.9376630479723193,1.0,1,0,1111111011,1,1067
Ideal2_Hard,69,1,1,0.928909787012873,0.9812264869735426,1.0,1,1,1111110110,1,1068
Ideal2_Hard,70,1,1,0.9716019572340718,0.9927459895339382,1.0,1,1,1111101101,1,1069
Ideal2_Hard,71,1,1,0.9828910697432595,0.9956671698694262,1.0,1,1,1111011011,1,1070
Ideal2_Hard,72,1,1,0.9857538264720376,0.9963999918625381,1.0,1,1,1110110111,1,1071
Ideal2_Hard,73,1,1,0.9864719920252873,0.9965833324772003,1.0,1,1,1101101111,1,1072
Ideal2_Hard,74,1,1,0.9866516658276564,0.9966291702353112,1.0,1,1,1011011111,1,1073
Ideal2_Hard,75,1,0,0.986696586830605,0.9488286097627552,1.0,1,0,110111111,1,1074
Ideal2_Hard,76,1,1,0.9398520375675001,0.9842526302382445,1.0,1,1,1101111110,1,1075
Ideal2_Hard,77,1,1,0.9745675776334796,0.9935182596394808,1.0,1,1,1011111101,1,1076
Ideal2_Hard,78,1,1,0.9836478944466912,0.995861215227577,1.0,1,1,111111011,1,1077
Ideal2_Hard,79,1,1,0.9859439909230254,0.9964485584093302,1.0,1,1,1111110111,1,1078
Ideal2_Hard,80,1,1,0.9865195872411435,0.9965954760189015,1.0,1,1,1111101111,1,1079
Ideal2_Hard,81,1,1,0.9866635664985235,0.9966322058526108,1.0,1,1,1111011111,1,1080
Ideal2_Hard,82,1,1,0.9866995617355586,0.9966413871669091,1.0,1,1,1110111111,1,1081
Ideal2_Hard,83,1,1,0.9867085594235709,0.9966436821312618,1.0,1,1,1101111111,1,1082
Ideal2_Hard,84,1,0,0.9867108084886366,0.9488812158901382,1.0,1,0,1011111111,1,1083
Ideal2_Hard,85,1,1,0.9399035915723354,0.9842667646918589,1.0,1,1,111111110,1,1084
Ideal2_Hard,86,1,0,0.9745814293980218,0.9055296234039903,1.0,1,0,1111111101,1,1085
Ideal2_Hard,87,1,1,0.8974190309359106,0.9722172734764569,1.0,1,1,1111111010,1,1086
Ideal2_Hard,88,1,0,0.9627729280069277,0.8660512691661124,1.0,1,0,1111110101,1,1087
Ideal2_Hard,89,1,0,0.8587302437827902,0.6031216839851181,1.0,1,0,1111101010,1,1088
Ideal2_Hard,90,1,1,0.6010592503054157,0.857682678323133,1.0,1,1,1111010100,1,1089
Ideal2_Hard,91,1,1,0.8505290247566704,0.9579143148914484,1.0,1,1,1110101001,1,1090
Ideal2_Hard,92,1,1,0.9487560285936194,0.9866769631592185,1.0,1,1,1101010011,1,1091
Ideal2_Hard,93,1,1,0.9769434238960342,0.9941344259328541,1.0,1,1,1010100111,1,1092
Ideal2_Hard,94,1,1,0.9842517374141969,0.9960158770932672,1.0,1,1,101001111,1,1093
Ideal2_Hard,95,1,1,0.9860955595514018,0.9964872578523479,1.0,1,1,1010011111,1,1094
Ideal2_Hard,96,1,1,0.9865575126953009,0.996605151770657,1.0,1,1,100111111,1,1095
Ideal2_Hard,97,1,1,0.9866730487352439,0.996634624537731,1.0,1,1,1001111111,1,1096
Ideal2_Hard,98,1,0,0.9867019320469764,0.9488483812923502,1.0,1,0,11111111,1,1097
Ideal2_Hard,99,1,0,0.9398714136665031,0.7962408954021548,1.0,1,0,111111110,1,1098
Ideal2_Hard,100,1,1,0.7903160774941117,0.9377967538969061,1.0,1,1,1111111100,1,1099
Ideal2_Hard,101,1,0,0.929040818818968,0.7659807239113559,1.0,1,0,1111111001,1,1100
Ideal2_Hard,102,1,0,0.7606611094331288,0.44275537133185844,1.0,1,0,1111110010,1,1101
Ideal2_Hard,103,1,0,0.44390026390522125,0.16636075239502102,0.0,1,0,1111100100,1,1102
Ideal2_Hard,104,1,1,0.1730335373471206,0.4556210062073473,0.0,0,1,1111001000,1,1103
Ideal2_Hard,105,1,0,0.4565085860832004,0.17354611531167297,0.0,0,0,1110010001,1,1104
Ideal2_Hard,106,0,0,0.1800751930054395,0.05204824682016135,0.0,0,1,1100100010,0,1105
Ideal2_Hard,107,0,0,0.06100728188375812,0.01598313624463683,0.0,0,1,1001000100,0,1106
Ideal2_Hard,108,0,0,0.025663473519744094,0.006541782017112093,0.0,1,1,10001000,0,1107
Ideal2_Hard,109,0,0,0.016410946376769854,0.004153863214038986,0.0,1,1,100010000,0,1108
Ideal2_Hard,110,0,0,0.014070785949758207,0.0035552149892791904,0.0,1,1,1000100000,0,1109
Ideal2_Hard,111,0,0,0.013484110689493607,0.003405467447380864,0.0,1,1,1000000,0,1110
Ideal2_Hard,112,0,0,0.013337358098433246,0.003368029991167155,0.0,1,1,10000000,0,1111
Ideal2_Hard,113,0,1,0.013300669391343813,0.05116124129695074,0.0,1,0,100000000,0,1112
Ideal2_Hard,114,0,0,0.060138016471011725,0.015744642809195106,0.0,1,1,1000000001,0,1113
Ideal2_Hard,115,0,0,0.025429749953011206,0.006481046023103919,0.0,1,1,10,0,1114
Ideal2_Hard,116,0,1,0.016351425102641842,0.062347298848164034,0.0,1,0,100,0,1115
Ideal2_Hard,117,0,0,0.07110035287120076,0.018776341603002972,0.0,1,1,1001,0,1116
Ideal2_Hard,118,0,0,0.028400814770942914,0.007254733959278173,0.0,1,1,10010,0,1117
Ideal2_Hard,119,0,0,0.017109639280092608,0.0043330120245757475,0.0,1,1,100100,0,1118
Ideal2_Hard,120,0,1,0.014246351784084232,0.05464972932953627,0.0,1,0,1001000,0,1119
Ideal2_Hard,121,0,0,0.06355673474294554,0.016684492588040424,0.0,1,1,10010001,0,1120
Ideal2_Hard,122,0,0,0.026350802736279617,0.006720518986646816,0.0,1,1,100100010,0,1121
Ideal2_Hard,123,0,0,0.01658610860691388,0.004198757943173178,0.0,1,1,1001000100,0,1122
Ideal2_Hard,124,0,0,0.014114782784309714,0.003566450451149158,0.0,1,1,10001000,0,1123
Ideal2_Hard,125,0,1,0.013495121442126175,0.05188010097907745,0.0,1,0,100010000,0,1124
Ideal2_Hard,126,0,1,0.0608424989594959,0.20580493602085898,0.0,1,0,1000100001,0,1125
Ideal2_Hard,127,0,0,0.2116888373004418,0.06291025901378355,0.0,1,1,1000011,0,1126
Ideal2_Hard,128,0,0,0.07165205383350788,0.018930310160400476,0.0,1,1,10000110,0,1127
Ideal2_Hard,129,0,0,0.02855170395719247,0.007294120669792071,0.0,1,1,100001100,0,1128
Ideal2_Hard,130,0,0,0.01714823825639623,0.004342914564356627,0.0,1,1,1000011000,0,1129
Ideal2_Hard,131,0,0,0.014256056273069495,0.003602532497777784,0.0,1,1,110000,0,1130
Ideal2_Hard,132,0,0,0.01353048184782223,0.0034172987358409676,0.0,1,1,1100000,0,1131
Ideal2_Hard,133,0,0,0.013348952761124149,0.003370987555508653,0.0,1,1,11000000,0,1132
Ideal2_Hard,134,0,0,0.01330356780439848,0.0033594110657718763,0.0,1,1,110000000,0,1133
Ideal2_Hard,135,0,0,0.013292222844456438,0.003356517394000874,0.0,1,1,1100000000,0,1134
Ideal2_Hard,136,0,0,0.013289387046120857,0.0033557940964765868,0.0,1,1,1000000000,0,1135
Ideal2_Hard,137,0,0,0.013288678214547055,0.0033556133026805958,0.0,1,1,0,0,1136
Ideal2_Hard,138,0,0,0.013288501036626984,0.003355568111906906,0.0,1,1,0,0,1137
Ideal2_Hard,139,0,0,0.013288456749668769,0.0033555568161338797,0.0,1,1,0,0,1138
Ideal2_Hard,140,1,1,0.013288445679811203,0.05111602514858051,0.0,1,0,0,0,1139
Ideal2_Hard,141,1,1,0.0600937046456089,0.20365895526419603,0.0,1,0,1,0,1140
Ideal2_Hard,142,1,1,0.2095857761589121,0.5147133277488873,0.0,1,0,11,0,1141
Ideal2_Hard,143,1,1,0.5144190611939097,0.8090712406355085,1.0,0,1,111,1,1142
Ideal2_Hard,144,1,0,0.8028898158227984,0.5045399364358979,1.0,1,0,1111,1,1143
Ideal2_Hard,145,1,1,0.5044491377071799,0.8028323264401585,1.0,1,1,11110,1,1144
Ideal2_Hard,146,1,1,0.7967756799113552,0.9400576057392429,1.0,1,1,111101,1,1145
Ideal2_Hard,147,1,1,0.9312564536244581,0.9818798825557186,1.0,1,1,1111011,1,1146
Ideal2_Hard,148,1,0,0.9722422849046043,0.8975042805549748,1.0,1,0,11110111,1,1147
Ideal2_Hard,149,1,1,0.8895541949438753,0.9698948043047699,1.0,1,1,111101110,1,1148
Ideal2_Hard,150,1,1,0.9604969082186745,0.9898227009714609,1.0,1,1,1111011101,1,1149
Ideal2_Hard,151,1,1,0.9800262469520316,0.9949306208424585,1.0,1,1,1110111011,1,1150
Ideal2_Hard,152,1,1,0.9850320084256093,0.9962155175301103,1.0,1,1,1101110111,1,1151
Ideal2_Hard,153,1,1,0.9862912071795081,0.9965371986754241,1.0,1,1,1011101111,1,1152
Ideal2_Hard,154,1,1,0.9866064547019155,0.9966176373044964,1.0,1,1,111011111,1,1153
Ideal2_Hard,155,1,1,0.9866852845584064,0.9966377455436047,1.0,1,1,1110111111,1,1154
Ideal2_Hard,156,1,1,0.9867049906327326,0.9966427718736421,1.0,1,1,1101111111,1,1155
Ideal2_Hard,157,1,1,0.9867099164361692,0.9966440282502989,1.0,1,1,1011111111,1,1156
Ideal2_Hard,158,1,1,0.9867111476852928,0.9966443422915434,1.0,1,1,111111111,1,1157
Ideal2_Hard,159,1,1,0.9867114554457126,0.9966444207885354,1.0,1,1,1111111111,1,1158
Ideal2_Hard,160,1,1,0.9867115323727647,0.9966444404094484,1.0,1,1,1111111111,1,1159
Ideal2_Hard,161,1,1,0.9867115516012596,0.9966444453138428,1.0,1,1,1111111111,1,1160
Ideal2_Hard,162,1,1,0.9867115564075659,0.9966444465397328,1.0,1,1,1111111111,1,1161
Ideal2_Hard,163,1,1,0.9867115576089383,0.9966444468461533,1.0,1,1,1111111111,1,1162
Ideal2_Hard,164,1,1,0.9867115579092303,0.9966444469227453,1.0,1,1,1111111111,1,1163
Ideal2_Hard,165,1,1,0.9867115579842904,0.99664444694189,1.0,1,1,1111111111,1,1164
Ideal2_Hard,166,1,1,0.9867115580030523,0.9966444469466755,1.0,1,1,1111111111,1,1165
Ideal2_Hard,167,1,1,0.9867115580077419,0.9966444469478717,1.0,1,1,1111111111,1,1166
Ideal2_Hard,168,1,1,0.9867115580089143,0.9966444469481707,1.0,1,1,1111111111,1,1167
Ideal2_Hard,169,1,1,0.9867115580092073,0.9966444469482453,1.0,1,1,1111111111,1,1168
Ideal2_Hard,170,1,1,0.9867115580092803,0.9966444469482639,1.0,1,1,1111111111,1,1169
Ideal2_Hard,171,1,1,0.9867115580092986,0.9966444469482687,1.0,1,1,1111111111,1,1170
Ideal2_Hard,172,1,1,0.9867115580093033,0.9966444469482699,1.0,1,1,1111111111,1,1171
Ideal2_Hard,173,1,1,0.9867115580093045,0.9966444469482703,1.0,1,1,1111111111,1,1172
Ideal2_Hard,174,1,1,0.9867115580093049,0.9966444469482703,1.0,1,1,1111111111,1,1173
Ideal2_Hard,175,1,1,0.9867115580093049,0.9966444469482703,1.0,1,1,1111111111,1,1174
Ideal2_Hard,176,1,0,0.9867115580093049,0.948883988498134,1.0,1,0,1111111111,1,1175
Ideal2_Hard,177,1,1,0.9399063087281713,0.9842675096170347,1.0,1,1,1111111110,1,1176
Ideal2_Hard,178,1,1,0.9745821594246941,0.9935220481965271,1.0,1,1,1111111101,1,1177
Ideal2_Hard,179,1,1,0.9836516072325966,0.9958621666141001,1.0,1,1,1111111011,1,1178
Ideal2_Hard,180,0,0,0.985944923281818,0.9460543249323423,1.0,1,0,1111110111,1,1179
Ideal2_Hard,181,0,0,0.9371332384336954,0.7884343041959497,1.0,1,0,1111101110,1,1180
Ideal2_Hard,182,0,0,0.7826656181120307,0.4737676318391589,1.0,0,0,1111011100,1,1181
Ideal2_Hard,183,0,0,0.47429227920237566,0.18403943052608807,0.0,1,1,1110111000,0,1182
Ideal2_Hard,184,0,0,0.19035864191556628,0.05551556050625579,0.0,1,1,1101110000,0,1183
Ideal2_Hard,185,0,0,0.06440524929613067,0.016918544637880468,0.0,1,1,1011100000,0,1184
Ideal2_Hard,186,0,0,0.026580173745122858,0.006780207761527793,0.0,1,1,111000000,0,1185
Ideal2_Hard,187,0,0,0.016644603606297236,0.0042137530889698425,0.0,1,1,1110000000,0,1186
Ideal2_Hard,188,0,0,0.014129478027190445,0.0035702033390210856,0.0,1,1,1100000000,0,1187
Ideal2_Hard,189,0,0,0.013498799272240663,0.0034092150502899898,0.0,1,1,1000000000,0,1188
Ideal2_Hard,190,0,0,0.01334103074928419,0.0033689668046213758,0.0,1,1,0,0,1189
Ideal2_Hard,191,0,0,0.013301587468528948,0.003358905953132856,0.0,1,1,0,0,1190
Ideal2_Hard,192,0,0,0.0132917278340702,0.0033563911366371996,0.0,1,1,0,0,1191
Ideal2_Hard,193,0,0,0.013289263313904457,0.003355762537460551,0.0,1,1,0,0,1192
Ideal2_Hard,194,0,0,0.013288647286711341,0.0033556054142654993,0.0,1,1,0,0,1193
Ideal2_Hard,195,0,1,0.013288493305980191,0.0511162013264594,0.0,1,0,0,0,1194
Ideal2_Hard,196,0,0,0.060093877299930216,0.015732541383625287,0.0,1,1,1,0,1195
Ideal2_Hard,197,0,0,0.025417890555952782,0.006477964789012521,0.0,1,1,10,0,1196
Ideal2_Hard,198,0,0,0.01634840549323227,0.00413783664683346,0.0,1,1,100,0,1197
Ideal2_Hard,199,0,0,0.01405507991389679,0.0035512043238964015,0.0,1,1,1000,0,1198
Ideal2_Hard,200,0,0,0.013480180237418475,0.0034044646572483394,0.0,1,1,10000,0,1199
Ideal2_Hard,201,0,1,0.013336375364103373,0.05129330129712594,0.0,1,0,100000,0,1200
Ideal2_Hard,202,0,1,0.06026743527118342,0.2041575798911074,0.0,1,0,1000001,0,1201
Ideal2_Hard,203,0,0,0.21007442829328524,0.06234075609540655,0.0,0,1,10000011,0,1202
Ideal2_Hard,204,0,0,0.07109394097349842,0.018774552963518768,0.0,1,1,100000110,0,1203
Ideal2_Hard,205,0,0,0.02839906190424839,0.0072542764607720946,0.0,1,1,1000001100,0,1204
Ideal2_Hard,206,0,0,0.017109190931556655,0.004332897004491625,0.0,1,1,11000,0,1205
Ideal2_Hard,207,0,0,0.014246239064401792,0.003600024877381172,0.0,1,1,110000,0,1206
Ideal2_Hard,208,0,0,0.01352802437983355,0.0034166717085871265,0.0,1,1,1100000,0,1207
Ideal2_Hard,209,0,0,0.013348338274415384,0.00337083081105266,0.0,1,1,11000000,0,1208
Ideal2_Hard,210,0,0,0.013303414194831607,0.0033593718854276373,0.0,1,1,110000000,0,1209
Ideal2_Hard,211,0,0,0.013292184447719084,0.003356507600524528,0.0,1,1,1100000000,0,1210
Ideal2_Hard,212,0,0,0.013289377448514038,0.003355791648520327,0.0,1,1,1000000000,0,1211
Ideal2_Hard,213,0,0,0.01328867581554992,0.003355612690795373,0.0,1,1,0,0,1212
Ideal2_Hard,214,0,0,0.013288500436979466,0.003355567958961598,0.0,1,1,0,0,1213
Ideal2_Hard,215,0,0,0.013288456599782367,0.003355556777904053,0.0,1,1,0,0,1214
Ideal2_Hard,216,0,0,0.013288445642345971,0.003355553983114927,0.0,1,1,0,0,1215
Ideal2_Hard,217,0,0,0.013288442903452628,0.0033555532845364476,0.0,1,1,0,0,1216
Ideal2_Hard,218,0,0,0.013288442218845719,0.003355553109921524,0.0,1,1,0,0,1217
Ideal2_Hard,219,0,0,0.013288442047723094,0.0033555530662752165,0.0,1,1,0,0,1218
Ideal2_Hard,220,0,1,0.013288442004949712,0.0511160115545961,0.0,1,0,0,0,1219
Ideal2_Hard,221,0,0,0.06009369132350418,0.0157324903971325,0.0,1,1,1,0,1220
Ideal2_Hard,222,0,0,0.02541784058918985,0.006477951807080071,0.0,1,1,10,0,1221
Ideal2_Hard,223,0,0,0.01634839277093847,0.004137833386805768,0.0,1,1,100,0,1222
Ideal2_Hard,224,0,0,0.01405507671906965,0.00355120350808074,0.0,1,1,1000,0,1223
Ideal2_Hard,225,0,0,0.013480179437919125,0.0034044644532698516,0.0,1,1,10000,0,1224
Ideal2_Hard,226,0,1,0.013336375164204455,0.05129330055786776,0.0,1,0,100000,0,1225
Ideal2_Hard,227,0,1,0.06026743454671041,0.20415757781271374,0.0,1,0,1000001,0,1226
Ideal2_Hard,228,0,0,0.21007442625645947,0.062340755377923524,0.0,0,1,10000011,0,1227
Ideal2_Hard,229,0,1,0.07109394027036506,0.234385578192667,0.0,1,0,100000110,0,1228
Ideal2_Hard,230,0,0,0.23969786662881368,0.07305842879897982,0.0,0,1,1000001101,0,1229
Ideal2_Hard,231,0,0,0.08159726022300022,0.021729090760654806,0.0,0,1,11010,0,1230
Ideal2_Hard,232,0,0,0.03129450894544171,0.008011668151844788,0.0,1,1,110100,0,1231
Ideal2_Hard,233,0,0,0.017851434788807893,0.004523420861601886,0.0,1,1,1101000,0,1232
Ideal2_Hard,234,0,0,0.014432952444369847,0.0036477236778721593,0.0,1,1,11010000,0,1233
Ideal2_Hard,235,0,0,0.013574769204314717,0.0034285991325172043,0.0,1,1,110100000,0,1234
Ideal2_Hard,236,0,1,0.013360027149866859,0.051380763416780245,0.0,1,0,1101000000,0,1235
Ideal2_Hard,237,0,0,0.06035314814844464,0.0158036364458883,0.0,1,1,1010000001,0,1236
Ideal2_Hard,238,0,0,0.025487563716970536,0.006496067632512695,0.0,1,1,100000010,0,1237
Ideal2_Hard,239,0,0,0.01636614627986244,0.004142382700888038,0.0,1,1,1000000100,0,1238
Ideal2_Hard,240,0,1,0.014059535046870276,0.05396209431865421,0.0,1,0,1000,0,1239
Ideal2_Hard,241,0,0,0.06288285243228113,0.016498833386952683,0.0,1,1,10001,0,1240
Ideal2_Hard,242,0,0,0.02616885671921363,0.006673186424353027,0.0,1,1,100010,0,1241
Ideal2_Hard,243,0,1,0.01653972269586597,0.06303132869039077,0.0,1,0,1000100,0,1242
Ideal2_Hard,244,0,0,0.07177070211658296,0.01896344008630038,0.0,1,1,10001001,0,1243
Ideal2_Hard,245,0,0,0.028584171284574373,0.007302596830104004,0.0,1,1,100010010,0,1244
Ideal2_Hard,246,0,1,0.017156544893501924,0.06526691528743968,0.0,1,0,1000100100,0,1245
Ideal2_Hard,247,0,0,0.07396157698169088,0.019576315626863308,0.0,1,1,1001001,0,1246
Ideal2_Hard,248,0,0,0.029184789314326044,0.007459474727315695,0.0,1,1,10010010,0,1247
Ideal2_Hard,249,0,0,0.017310285232769382,0.004384493938702562,0.0,1,1,100100100,0,1248
Ideal2_Hard,250,0,0,0.01429680405992851,0.0036129411487448703,0.0,1,1,1001001000,0,1249
Ideal2_Hard,251,0,1,0.013540682325769972,0.05204841609920349,0.0,1,0,10010000,0,1250
Ideal2_Hard,252,0,1,0.06100744777721943,0.20627656990960516,0.0,1,0,100100001,0,1251
Ideal2_Hard,253,0,0,0.21215103851141306,0.06307360824706014,0.0,0,1,1001000011,0,1252
Ideal2_Hard,254,0,0,0.07181213608211894,0.01897501107884503,0.0,0,1,10000110,0,1253
Ideal2_Hard,255,0,0,0.02859551085726813,0.007305557322109104,0.0,1,1,100001100,0,1254
Ideal2_Hard,256,0,1,0.01715944617566692,0.06527741199007606,0.0,1,0,1000011000,0,1255
Ideal2_Hard,257,0,0,0.07397186375027454,0.0195791982780937,0.0,1,1,110001,0,1256
Ideal2_Hard,258,0,0,0.029187614312531827,0.007460212941655759,0.0,1,1,1100010,0,1257
Ideal2_Hard,259,0,0,0.017311008682822645,0.004384679590553257,0.0,1,1,11000100,0,1258
Ideal2_Hard,260,0,0,0.014296985998742191,0.0036129876247995877,0.0,1,1,110001000,0,1259
Ideal2_Hard,261,0,1,0.013540727872303595,0.052048584339187645,0.0,1,0,1100010000,0,1260
Ideal2_Hard,262,0,1,0.06100761265240389,0.20627704113556752,0.0,1,0,1000100001,0,1261
Ideal2_Hard,263,0,1,0.21215150031285618,0.51856376132958,0.0,0,0,1000011,0,1262
Ideal2_Hard,264,0,0,0.5181924861029884,0.21190304631143736,1.0,1,0,10000111,1,1263
Ideal2_Hard,265,0,1,0.21766498538520862,0.5267166353403343,0.0,1,1,100001110,1,1264
Ideal2_Hard,266,0,1,0.5261823026335277,0.8162462370125165,1.0,1,1,1000011101,1,1265
Ideal2_Hard,267,0,0,0.8099213122722662,0.5157958928993032,1.0,1,0,111011,1,1266
Ideal2_Hard,268,0,0,0.515479975041317,0.21009470292564913,1.0,1,0,1110110,1,1267
Ideal2_Hard,269,0,1,0.21589280886713613,0.5241139420935393,0.0,0,1,11101100,1,1268
Ideal2_Hard,270,0,0,0.5236316632516685,0.21556567585312258,1.0,0,0,111011001,1,1269
Ideal2_Hard,271,0,0,0.22125436233606013,0.06631854035139458,0.0,0,1,1110110010,0,1270
Ideal2_Hard,272,0,0,0.07499216954436669,0.019865351756317873,0.0,1,1,1101100100,0,1271
Ideal2_Hard,273,0,0,0.029468044721191515,0.0075335095270355305,0.0,1,1,1011001000,0,1272
Ideal2_Hard,274,0,0,0.017382839336494822,0.004403113798934085,0.0,1,1,110010000,0,1273
Ideal2_Hard,275,0,0,0.014315051522955403,0.0036176025054299515,0.0,1,1,1100100000,0,1274
Ideal2_Hard,276,0,0,0.013545250455321352,0.0034210670210487455,0.0,1,1,1001000000,0,1275
Ideal2_Hard,277,0,0,0.013352645680627771,0.003371929555619106,0.0,1,1,10000000,0,1276
Ideal2_Hard,278,0,0,0.013304490964506725,0.003359646531316558,0.0,1,1,100000000,0,1277
Ideal2_Hard,279,0,0,0.013292453600690226,0.0033565762507250115,0.0,1,1,1000000000,0,1278
Ideal2_Hard,280,0,1,0.013289444725710512,0.05111972079129313,0.0,1,0,0,0,1279
Ideal2_Hard,281,0,0,0.06009732637546726,0.015733486969960207,0.0,1,1,1,0,1280
Ideal2_Hard,282,0,0,0.025418817230561004,0.006478205549779132,0.0,1,1,10,0,1281
Ideal2_Hard,283,0,0,0.016348641438783548,0.0041378971067778545,0.0,1,1,100,0,1282
Ideal2_Hard,284,0,0,0.014055139164642298,0.003551219453881946,0.0,1,1,1000,0,1283
Ideal2_Hard,285,0,0,0.013480195064804308,0.0034044684402004806,0.0,1,1,10000,0,1284
Ideal2_Hard,286,0,0,0.013336379071396471,0.003367780263516686,0.0,1,1,100000,0,1285
Ideal2_Hard,287,0,0,0.013300424658246351,0.003358609362649891,0.0,1,1,1000000,0,1286
Ideal2_Hard,288,0,0,0.013291437175396893,0.0033563170012715607,0.0,1,1,10000000,0,1287
Ideal2_Hard,289,0,0,0.01328919066124613,0.0033557440067485435,0.0,1,1,100000000,0,1288
Ideal2_Hard,290,0,0,0.013288629126613572,0.003355600782373847,0.0,1,1,1000000000,0,1289
Ideal2_Hard,291,1,1,0.013288488766726371,0.051116184534934335,0.0,1,0,0,0,1290
Ideal2_Hard,292,1,0,0.06009386084423565,0.01573253687220262,0.0,1,1,1,0,1291
Ideal2_Hard,293,1,1,0.025417886134758566,0.0944680129494558,0.0,1,0,10,0,1292
Ideal2_Hard,294,1,1,0.10257865269046668,0.31375952326567774,0.0,1,0,101,0,1293
Ideal2_Hard,295,1,1,0.3174843328003642,0.6504317042415039,0.0,0,1,1011,1,1294
Ideal2_Hard,296,1,1,0.6474230701566738,0.8801683650875024,1.0,1,1,10111,1,1295
Ideal2_Hard,297,1,0,0.8725649977857522,0.6312391213173597,1.0,1,0,101111,1,1296
Ideal2_Hard,298,1,1,0.6286143388910125,0.8713077395536429,1.0,1,1,1011110,1,1297
Ideal2_Hard,299,1,0,0.8638815847625702,0.613397498530744,1.0,1,0,10111101,1,1298
Ideal2_Hard,300,1,1,0.6111295485601291,0.8627542846856823,1.0,1,1,101111010,1,1299
Ideal2_Hard,301,1,0,0.8554991989919686,0.5967895116096219,1.0,1,0,1011110101,1,1300
Ideal2_Hard,302,1,0,0.5948537213774295,0.26850378884165654,1.0,0,0,111101010,1,1301
Ideal2_Hard,303,1,1,0.2731337130648234,0.6004914632201492,0.0,0,0,1111010100,0,1302
Ideal2_Hard,304,1,1,0.5984816339557462,0.8563669182762084,1.0,0,1,1110101001,1,1303
Ideal2_Hard,305,1,1,0.8492395799106842,0.9575049683615273,1.0,1,1,1101010011,1,1304
Ideal2_Hard,306,1,1,0.9483548689942967,0.9865684620976427,1.0,1,1,1010100111,1,1305
Ideal2_Hard,307,1,0,0.9768370928556898,0.913368297654319,1.0,1,0,101001111,1,1306
Ideal2_Hard,308,1,1,0.9051009317012327,0.9744572452011631,1.0,1,1,1010011110,1,1307
Ideal2_Hard,309,0,0,0.9649681002971398,0.8731986750790234,1.0,1,0,100111101,1,1308
Ideal2_Hard,310,0,0,0.8657347015774429,0.6171494402699617,1.0,1,0,1001111010,1,1309
Ideal2_Hard,311,0,0,0.6148064514645625,0.2852161679581383,1.0,0,1,11110100,0,1310
Ideal2_Hard,312,0,1,0.2895118445989755,0.6197620315213976,0.0,0,0,111101000,0,1311
Ideal2_Hard,313,0,0,0.6173667908909697,0.28742813818504115,1.0,0,1,1111010001,0,1312
Ideal2_Hard,314,0,0,0.2916795754213403,0.09333862082477236,0.0,1,1,1110100010,0,1313
Ideal2_Hard,315,0,0,0.10147184840827692,0.027457591525790255,0.0,1,1,1101000100,0,1314
Ideal2_Hard,316,0,1,0.03690843969527445,0.13291653322768138,0.0,1,0,1010001000,0,1315
Ideal2_Hard,317,0,1,0.14025820256312777,0.39487812297330066,0.0,0,0,100010001,0,1316
Ideal2_Hard,318,0,0,0.3969805605138346,0.14132158022681507,0.0,0,0,1000100011,1,1317
Ideal2_Hard,319,0,0,0.14849514862227875,0.04177649194025936,0.0,0,1,1000110,0,1318
Ideal2_Hard,320,0,0,0.05094096210145417,0.013241127350261178,0.0,1,1,10001100,0,1319
Ideal2_Hard,321,0,0,0.022976304803255954,0.00584479504516672,0.0,1,1,100011000,0,1320
Ideal2_Hard,322,0,0,0.015727899144263383,0.003978909703961878,0.0,1,1,1000110000,0,1321
Ideal2_Hard,323,0,0,0.01389933150988264,0.003511437856604633,0.0,1,1,1100000,0,1322
Ideal2_Hard,324,0,0,0.01344120909947254,0.003394522136237603,0.0,1,1,11000000,0,1323
Ideal2_Hard,325,0,0,0.013326631693512852,0.0033652939481184493,0.0,1,1,110000000,0,1324
Ideal2_Hard,326,0,1,0.01329798806915608,0.05115132321896241,0.0,1,0,1100000000,0,1325
Ideal2_Hard,327,0,0,0.06012829675458316,0.015741977928958154,0.0,1,1,1000000001,0,1326
Ideal2_Hard,328,0,0,0.025427138370378993,0.006480367493302069,0.0,1,1,10,0,1327
Ideal2_Hard,329,0,0,0.016350760143436026,0.004138440015910114,0.0,1,1,100,0,1328
Ideal2_Hard,330,0,1,0.014055671215591911,0.05394786452281952,0.0,1,0,1000,0,1329
Ideal2_Hard,331,0,0,0.06286890723236313,0.016494993468728736,0.0,1,1,10001,0,1330
Ideal2_Hard,332,0,0,0.026165093599354164,0.006672207602157111,0.0,1,1,100010,0,1331
Ideal2_Hard,333,0,0,0.01653876345011397,0.004186622026036228,0.0,1,1,1000100,0,1332
Ideal2_Hard,334,0,0,0.014102889585515505,0.0035634132137042033,0.0,1,1,10001000,0,1333
Ideal2_Hard,335,0,0,0.013492144949430119,0.003407517275102557,0.0,1,1,100010000,0,1334
Ideal2_Hard,336,0,0,0.013339366929600506,0.0033685423997159214,0.0,1,1,1000100000,0,1335
Ideal2_Hard,337,0,0,0.013301171551721603,0.003358799867868211,0.0,1,1,1000000,0,1336
Ideal2_Hard,338,0,1,0.013291623870510846,0.05112778174901882,0.0,1,0,10000000,0,1337
Ideal2_Hard,339,0,0,0.06010522611403844,0.015735652753615655,0.0,1,1,100000001,0,1338
Ideal2_Hard,340,0,1,0.025420939698543345,0.09447855764414215,0.0,1,0,1000000010,0,1339
Ideal2_Hard,341,0,0,0.1025889864912593,0.02778507893874384,0.0,1,1,101,0,1340
Ideal2_Hard,342,0,1,0.037229377359968965,0.1339561925171041,0.0,1,0,1010,0,1341
Ideal2_Hard,343,0,0,0.14127706866676204,0.039505145535581036,0.0,0,1,10101,0,1342
Ideal2_Hard,344,0,0,0.04871504262486942,0.012640601226896532,0.0,1,1,101010,0,1343
Ideal2_Hard,345,0,0,0.0223877892023586,0.0056925296662365555,0.0,1,1,1010100,0,1344
Ideal2_Hard,346,0,0,0.015578679072911824,0.003940713096717087,0.0,1,1,10101000,0,1345
Ideal2_Hard,347,0,0,0.013861898834782744,0.0035018817566775115,0.0,1,1,101010000,0,1346
Ideal2_Hard,348,0,0,0.01343184412154396,0.003392132981470989,0.0,1,1,1010100000,0,1347
Ideal2_Hard,349,0,0,0.01332429032184157,0.0033646967274919308,0.0,1,1,101000000,0,1348
Ideal2_Hard,350,0,0,0.013297402792942092,0.0033578385974939455,0.0,1,1,1010000000,0,1349
Ideal2_Hard,351,0,0,0.013290681825544068,0.0033561243419832124,0.0,1,1,100000000,0,1350
Ideal2_Hard,352,0,0,0.013289001855143548,0.00335569585006853,0.0,1,1,1000000000,0,1351
Ideal2_Hard,353,0,0,0.013288581933067159,0.003355588745247968,0.0,1,1,0,0,1352
Ideal2_Hard,354,0,0,0.01328847697034301,0.003355561973592231,0.0,1,1,0,0,1353
Ideal2_Hard,355,0,1,0.013288450734120386,0.05111604384539361,0.0,1,0,0,0,1354
Ideal2_Hard,356,0,0,0.06009372296848574,0.015732499072782756,0.0,1,1,1,0,1355
Ideal2_Hard,357,0,0,0.0254178490913271,0.006477954016031813,0.0,1,1,10,0,1356
Ideal2_Hard,358,0,0,0.016348394935711177,0.004137833941518546,0.0,1,1,100,0,1357
Ideal2_Hard,359,0,0,0.014055077262688176,0.0035512036468965465,0.0,1,1,1000,0,1358
Ideal2_Hard,360,0,0,0.013480179573958617,0.003404464487977984,0.0,1,1,10000,0,1359
Ideal2_Hard,361,0,0,0.013336375198218424,0.0033677792755573174,0.0,1,1,100000,0,1360
Ideal2_Hard,362,0,0,0.013300423690046172,0.0033586091156975638,0.0,1,1,1000000,0,1361
Ideal2_Hard,363,0,1,0.013291436933383612,0.051127090246729026,0.0,1,0,10000000,0,1362
Ideal2_Hard,364,0,0,0.06010454844179445,0.015735466962683246,0.0,1,1,100000001,0,1363
Ideal2_Hard,365,0,0,0.02542075762342958,0.006478709687363671,0.0,1,1,1000000010,0,1364
Ideal2_Hard,366,0,0,0.0163491354936164,0.004138023706089084,0.0,1,1,100,0,1365
Ideal2_Hard,367,0,0,0.014055263231967303,0.003551251135122047,0.0,1,1,1000,0,1366
Ideal2_Hard,368,0,1,0.013480226112419605,0.05182506371804888,0.0,1,0,10000,0,1367
Ideal2_Hard,369,0,1,0.06078856244368791,0.20565063108658047,0.0,1,0,100001,0,1368
Ideal2_Hard,370,0,1,0.21153761846484884,0.5176457967199579,0.0,0,0,1000011,0,1369
Ideal2_Hard,371,0,0,0.5172928807855588,0.21130197617471427,1.0,1,0,10000111,1,1370
Ideal2_Hard,372,0,0,0.21707593665122,0.06482254519923496,0.0,1,0,100001110,1,1371
Ideal2_Hard,373,0,1,0.07352609429525025,0.24095494840827836,0.0,1,0,1000011100,0,1372
Ideal2_Hard,374,0,0,0.2461358494401128,0.07546493103801401,0.0,0,0,111001,1,1373
Ideal2_Hard,375,0,0,0.08395563241725373,0.022399319905607153,0.0,1,1,1110010,0,1374
Ideal2_Hard,376,0,0,0.03195133350749501,0.008183949450602255,0.0,1,1,11100100,0,1375
Ideal2_Hard,377,0,0,0.01802027046159021,0.004566788690910911,0.0,1,1,111001000,0,1376
Ideal2_Hard,378,0,0,0.014475452917092695,0.003658582963345057,0.0,1,1,1110010000,0,1377
Ideal2_Hard,379,0,0,0.013585411304078155,0.0034313146920736982,0.0,1,1,1100100000,0,1378
Ideal2_Hard,380,0,0,0.013362688398232223,0.003374491306430839,0.0,1,1,1001000000,0,1379
Ideal2_Hard,381,0,0,0.013307001480302222,0.0033602868769095112,0.0,1,1,10000000,0,1380
Ideal2_Hard,382,0,0,0.013293081139371322,0.0033567363109515444,0.0,1,1,100000000,0,1381
Ideal2_Hard,383,0,0,0.013289601584732514,0.0033558488164954934,0.0,1,1,1000000000,0,1382
Ideal2_Hard,384,0,0,0.013288731840165584,0.003355626980364663,0.0,1,1,0,0,1383
Ideal2_Hard,385,0,1,0.01328851444075737,0.05111627950783647,0.0,1,0,0,0,1384
Ideal2_Hard,386,0,0,0.060093953917679736,0.015732562388820533,0.0,1,1,1,0,1385
Ideal2_Hard,387,0,0,0.025417911141044122,0.00647797013725331,0.0,1,1,10,0,1386
Ideal2_Hard,388,0,0,0.016348410734508247,0.004137837989885688,0.0,1,1,100,0,1387
Ideal2_Hard,389,0,0,0.014055081230087973,0.0035512046599926405,0.0,1,1,1000,0,1388
Ideal2_Hard,390,0,0,0.013480180566792788,0.003404464741282522,0.0,1,1,10000,0,1389
Ideal2_Hard,391,0,0,0.013336375446456872,0.0033677793388772834,0.0,1,1,100000,0,1390
Ideal2_Hard,392,0,0,0.013300423752099739,0.003358609131525151,0.0,1,1,1000000,0,1391
Ideal2_Hard,393,0,1,0.013291436948894649,0.0511270903041062,0.0,1,0,10000000,0,1392
Ideal2_Hard,394,0,0,0.060104548498024074,0.01573546697809918,0.0,1,1,100000001,0,1393
Ideal2_Hard,395,0,0,0.025420757638537197,0.006478709691288818,0.0,1,1,1000000010,0,1394
Ideal2_Hard,396,0,1,0.016349135497463044,0.06233897685187846,0.0,1,0,100,0,1395
Ideal2_Hard,397,0,1,0.07109219731484089,0.2343808420498781,0.0,1,0,1001,0,1396
Ideal2_Hard,398,0,0,0.23969322520888056,0.073056704068137,0.0,0,1,10011,0,1397
Ideal2_Hard,399,0,0,0.08159556998677425,0.021728611315686968,0.0,0,1,100110,0,1398
Ideal2_Hard,400,0,0,0.03129403908937323,0.008011544973518985,0.0,1,1,1001100,0,1399
Ideal2_Hard,401,0,0,0.017851314074048604,0.0045233898582919515,0.0,1,1,10011000,0,1400
Ideal2_Hard,402,0,0,0.014432922061126112,0.003647715914907267,0.0,1,1,100110000,0,1401
Ideal2_Hard,403,0,0,0.013574761596609121,0.0034285971912639377,0.0,1,1,1001100000,0,1402
Ideal2_Hard,404,0,0,0.01336002524743866,0.0033738119717011926,0.0,1,1,11000000,0,1403
Ideal2_Hard,405,0,0,0.013306335732267168,0.0033601170674158586,0.0,1,1,110000000,0,1404
Ideal2_Hard,406,0,0,0.013292914726067542,0.003356693865503625,0.0,1,1,1100000000,0,1405
Ideal2_Hard,407,0,0,0.013289559988193552,0.0033558382069195335,0.0,1,1,1000000000,0,1406
Ideal2_Hard,408,0,0,0.013288721442781141,0.0033556243284205345,0.0,1,1,0,0,1407
Ideal2_Hard,409,0,0,0.013288511841852124,0.003355570867873463,0.0,1,1,0,0,1408
Ideal2_Hard,410,0,0,0.013288459450515993,0.003355557505008381,0.0,1,1,0,0,1409
Ideal2_Hard,411,0,0,0.013288446354908215,0.003355554164860102,0.0,1,1,0,0,1410
Ideal2_Hard,412,0,0,0.013288443081562901,0.003355553329965016,0.0,1,1,0,0,1411
Ideal2_Hard,413,0,0,0.013288442263365716,0.003355553121276735,0.0,1,1,0,0,1412
Ideal2_Hard,414,0,0,0.013288442058851203,0.003355553069113536,0.0,1,1,0,0,1413
Ideal2_Hard,415,0,0,0.013288442007731265,0.0033555530560749535,0.0,1,1,0,0,1414
Ideal2_Hard,416,0,0,0.013288441994953454,0.003355553052815862,0.0,1,1,0,0,1415
Ideal2_Hard,417,0,1,0.013288441991759544,0.05111601150580324,0.0,1,0,0,0,1416
Ideal2_Hard,418,0,0,0.06009369127568717,0.015732490384023197,0.0,1,1,1,0,1417
Ideal2_Hard,419,0,1,0.025417840576342735,0.0944678556238621,0.0,1,0,10,0,1418
Ideal2_Hard,420,0,0,0.10257849851138487,0.027782001638104403,0.0,0,1,101,0,1419
Ideal2_Hard,421,0,0,0.03722636160534232,0.009573891254698808,0.0,1,1,1010,0,1420
Ideal2_Hard,422,0,0,0.019382413429604832,0.0049170820452017466,0.0,1,1,10100,0,1421
Ideal2_Hard,423,0,0,0.01481874040429771,0.00374632193019024,0.0,1,1,101000,0,1422
Ideal2_Hard,424,0,0,0.013671395491586434,0.00345325700457938,0.0,1,1,1010000,0,1423
Ideal2_Hard,425,0,0,0.013384191864487792,0.0033799766581899754,0.0,1,1,10100000,0,1424
Ideal2_Hard,426,0,0,0.013312377125026177,0.0033616580258102615,0.0,1,1,101000000,0,1425
Ideal2_Hard,427,0,0,0.013294424865294058,0.0033570790426480164,0.0,1,1,1010000000,0,1426
Ideal2_Hard,428,0,0,0.013289937461795057,0.0033559344850226376,0.0,1,1,100000000,0,1427
Ideal2_Hard,429,0,0,0.013288815795322184,0.003355648393865506,0.0,1,1,1000000000,0,1428
Ideal2_Hard,430,0,0,0.013288535425988197,0.0033555768832124453,0.0,1,1,0,0,1429
Ideal2_Hard,431,0,0,0.013288465345548197,0.003355559008587465,0.0,1,1,0,0,1430
Ideal2_Hard,432,0,0,0.013288447828415716,0.00335555454069096,0.0,1,1,0,0,1431
Ideal2_Hard,433,0,0,0.013288443449877141,0.0033555534239067537,0.0,1,1,0,0,1432
Ideal2_Hard,434,0,0,0.013288442355428618,0.0033555531447581753,0.0,1,1,0,0,1433
Ideal2_Hard,435,0,0,0.013288442081863012,0.003355553074982898,0.0,1,1,0,0,1434
Ideal2_Hard,436,0,0,0.01328844201348324,0.0033555530575420447,0.0,1,1,0,0,1435
Ideal2_Hard,437,0,0,0.013288441996391204,0.003355553053182573,0.0,1,1,0,0,1436
Ideal2_Hard,438,0,0,0.013288441992118922,0.00335555305209289,0.0,1,1,0,0,1437
Ideal2_Hard,439,0,0,0.013288441991051033,0.0033555530518205147,0.0,1,1,0,0,1438
Ideal2_Hard,440,0,0,0.013288441990784106,0.0033555530517524338,0.0,1,1,0,0,1439
Ideal2_Hard,441,0,0,0.013288441990717385,0.0033555530517354157,0.0,1,1,0,0,1440
Ideal2_Hard,442,0,0,0.013288441990700709,0.0033555530517311626,0.0,1,1,0,0,1441
Ideal2_Hard,443,0,1,0.01328844199069654,0.051116011501871,0.0,1,0,0,0,1442
Ideal2_Hard,444,0,0,0.060093691271833574,0.01573249038296671,0.0,1,1,1,0,1443
Ideal2_Hard,445,0,0,0.025417840575307375,0.006477951803473247,0.0,1,1,10,0,1444
Ideal2_Hard,446,0,0,0.016348392767403783,0.0041378333859000225,0.0,1,1,100,0,1445
Ideal2_Hard,447,0,0,0.014055076718182024,0.0035512035078540797,0.0,1,1,1000,0,1446
Ideal2_Hard,448,0,0,0.013480179437696999,0.0034044644532131786,0.0,1,1,10000,0,1447
Ideal2_Hard,449,0,0,0.013336375164148916,0.0033677792668669626,0.0,1,1,100000,0,1448
Ideal2_Hard,450,0,0,0.013300423681529623,0.003358609113525304,0.0,1,1,1000000,0,1449
Ideal2_Hard,451,0,0,0.013291436931254797,0.0033563169390007216,0.0,1,1,10000000,0,1450
Ideal2_Hard,452,0,1,0.013289190600220708,0.051118780739392806,0.0,1,0,100000000,0,1451
Ideal2_Hard,453,0,0,0.06009640512460496,0.01573323440258482,0.0,1,1,1000000001,0,1452
Ideal2_Hard,454,0,0,0.025418569714533122,0.006478141242222804,0.0,1,1,10,0,1453
Ideal2_Hard,455,0,1,0.01634857841737835,0.06233695202411368,0.0,1,0,100,0,1454
Ideal2_Hard,456,0,1,0.0710902129836314,0.23437544996589574,0.0,1,0,1001,0,1455
Ideal2_Hard,457,0,0,0.23968794096657783,0.07305474048520415,0.0,0,1,10011,0,1456
Ideal2_Hard,458,0,0,0.08159364567550006,0.021728065475597486,0.0,0,1,100110,0,1457
Ideal2_Hard,459,0,0,0.031293504166085534,0.008011404737160272,0.0,1,1,1001100,0,1458
Ideal2_Hard,460,0,0,0.017851176642417067,0.00452335456157549,0.0,1,1,10011000,0,1459
Ideal2_Hard,461,0,0,0.014432887470343981,0.0036477070769103622,0.0,1,1,100110000,0,1460
Ideal2_Hard,462,0,0,0.013574752935372154,0.0034285949811817874,0.0,1,1,1001100000,0,1461
Ideal2_Hard,463,0,1,0.013360023081558151,0.05138074837357648,0.0,1,0,11000000,0,1462
Ideal2_Hard,464,0,0,0.06035313340610495,0.01580363240254512,0.0,1,1,110000001,0,1463
Ideal2_Hard,465,0,0,0.025487559754494217,0.00649606660290662,0.0,1,1,1100000010,0,1464
Ideal2_Hard,466,0,0,0.016366145270848488,0.004142382442326011,0.0,1,1,1000000100,0,1465
Ideal2_Hard,467,0,1,0.014059534793479492,0.053962093385471886,0.0,1,0,1000,0,1466
Ideal2_Hard,468,0,0,0.06288285151776245,0.01649883313513015,0.0,1,1,10001,0,1467
Ideal2_Hard,469,0,0,0.026168856472427546,0.006673186360161506,0.0,1,1,100010,0,1468
Ideal2_Hard,470,0,0,0.016539722632958276,0.0041868678833582584,0.0,1,1,1000100,0,1469
Ideal2_Hard,471,0,0,0.014103130525691093,0.003563474743497181,0.0,1,1,10001000,0,1470
Ideal2_Hard,472,0,1,0.013492205248627239,0.05186932620856701,0.0,1,0,100010000,0,1471
Ideal2_Hard,473,0,0,0.06083193968439567,0.015935002766469315,0.0,1,1,1000100001,0,1472
Ideal2_Hard,474,0,0,0.02561630271113993,0.006529522343467035,0.0,1,1,1000010,0,1473
Ideal2_Hard,475,0,1,0.016398931896597694,0.0625199465494602,0.0,1,0,10000100,0,1474
Ideal2_Hard,476,0,1,0.071269547618471,0.23486254785865962,0.0,1,0,100001001,0,1475
Ideal2_Hard,477,0,0,0.2401652969014864,0.07323219880126189,0.0,0,1,1000010011,0,1476
Ideal2_Hard,478,0,0,0.08176755482523665,0.0217774024157979,0.0,0,1,100110,0,1477
Ideal2_Hard,479,0,1,0.03134185436748194,0.1145927679371677,0.0,1,0,1001100,0,1478
Ideal2_Hard,480,0,0,0.12230091257842435,0.033662988835643455,0.0,0,1,10011001,0,1479
Ideal2_Hard,481,0,0,0.04298972905893059,0.011105499061521919,0.0,1,1,100110010,0,1480
Ideal2_Hard,482,0,0,0.02088338908029148,0.005303920141039967,0.0,1,1,1001100100,0,1481
Ideal2_Hard,483,0,0,0.015197841738219166,0.003843267462544843,0.0,1,1,11001000,0,1482
Ideal2_Hard,484,0,0,0.013766402113293946,0.003477505078267323,0.0,1,1,110010000,0,1483
Ideal2_Hard,485,0,1,0.013407954976701978,0.05155795950750613,0.0,1,0,1100100000,0,1484
Ideal2_Hard,486,0,0,0.06052680031735601,0.015851270073212353,0.0,1,1,1001000001,0,1485
Ideal2_Hard,487,0,0,0.025534244671748106,0.006508197600361816,0.0,1,1,10000010,0,1486
Ideal2_Hard,488,0,0,0.01637803364835458,0.0041454288925048734,0.0,1,1,100000100,0,1487
Ideal2_Hard,489,0,0,0.014062520314654776,0.003553104279496573,0.0,1,1,1000001000,0,1488
Ideal2_Hard,490,0,0,0.013482042193906642,0.0034049397040448906,0.0,1,1,10000,0,1489
Ideal2_Hard,491,0,0,0.013336840909963992,0.003367898068041834,0.0,1,1,100000,0,1490
Ideal2_Hard,492,0,0,0.013300540106680999,0.003358638809310567,0.0,1,1,1000000,0,1491
Ideal2_Hard,493,0,0,0.013291466033124356,0.003356324361718535,0.0,1,1,10000000,0,1492
Ideal2_Hard,494,0,0,0.013289197874484165,0.003355745846549497,0.0,1,1,100000000,0,1493
Ideal2_Hard,495,0,0,0.013288630929618506,0.003355601242246008,0.0,1,1,1000000000,0,1494
Ideal2_Hard,496,0,1,0.013288489217401087,0.05111618620206206,0.0,1,0,0,0,1495
Ideal2_Hard,497,0,0,0.06009386247802082,0.015732537320114155,0.0,1,1,1,0,1496
Ideal2_Hard,498,0,1,0.02541788657371187,0.09446801446528068,0.0,1,0,10,0,1497
Ideal2_Hard,499,0,0,0.10257865417597506,0.027782047311601794,0.0,0,1,101,0,1498
Ideal2_Hard,500,0,1,0.03722640636536976,0.13394657640767285,0.0,1,0,1010,0,1499
Ideal2_Hard,501,1,0,0.1412676448795194,0.03950219808852777,0.0,0,0,10101,1,1500
Ideal2_Hard,502,1,0,0.048712154126757216,0.012639823297127801,0.0,0,1,101010,0,1501
Ideal2_Hard,503,1,1,0.022387026831185246,0.08391245610580694,0.0,1,0,1010100,0,1502
Ideal2_Hard,504,1,1,0.09223420698369081,0.28897632219155767,0.0,0,0,10101001,0,1503
Ideal2_Hard,505,1,0,0.2931967957477265,0.09396099619392367,0.0,0,0,101010011,1,1504
Ideal2_Hard,506,1,1,0.1020817762700452,0.3125960308329889,0.0,0,0,1010100110,0,1505
Ideal2_Hard,507,1,1,0.31634411021632913,0.6492331712342465,0.0,0,1,101001101,1,1506
Ideal2_Hard,508,1,1,0.6462485078095617,0.8796250000654325,1.0,1,1,1010011011,1,1507
Ideal2_Hard,509,1,1,0.8720325000641239,0.964611711954927,1.0,1,1,100110111,1,1508
Ideal2_Hard,510,1,0,0.9553194777158284,0.8424025235400128,1.0,1,0,1001101111,1,1509
Ideal2_Hard,511,1,1,0.8355544730692126,0.9531048443286452,1.0,1,1,11011110,1,1510
Ideal2_Hard,512,1,1,0.9440427474420723,0.9853978653585038,1.0,1,1,110111101,1,1511
Ideal2_Hard,513,0,0,0.9756899080513337,0.909369350475275,1.0,1,0,1101111011,1,1512
Ideal2_Hard,514,0,0,0.9011819634657695,0.6951128904531328,1.0,1,0,1011110110,1,1513
Ideal2_Hard,515,0,0,0.6912106326440702,0.35881544752641786,1.0,0,1,111101100,0,1514
Ideal2_Hard,516,0,0,0.36163913857588953,0.12405793939665091,0.0,1,1,1111011000,0,1515
Ideal2_Hard,517,0,0,0.1315767806087179,0.0364956835643092,0.0,1,1,1110110000,0,1516
Ideal2_Hard,518,0,0,0.045765769893023014,0.011848121266930998,0.0,1,1,1101100000,0,1517
Ideal2_Hard,519,0,0,0.021611158841592377,0.005491802878651023,0.0,1,1,1011000000,0,1518
Ideal2_Hard,520,0,0,0.015381966821078001,0.0038903728953681295,0.0,1,1,110000000,0,1519
Ideal2_Hard,521,0,0,0.013812565437460766,0.0034892883773974207,0.0,1,1,1100000000,0,1520
Ideal2_Hard,522,0,0,0.013419502609849473,0.0033889845173943017,0.0,1,1,1000000000,0,1521
Ideal2_Hard,523,0,1,0.013321204827046417,0.051237195769364155,0.0,1,0,0,0,1522
Ideal2_Hard,524,0,0,0.06021245185397687,0.01576505230307496,0.0,1,1,1,0,1523
Ideal2_Hard,525,0,1,0.02544975125701346,0.09457804209126011,0.0,1,0,10,0,1524
Ideal2_Hard,526,0,1,0.10268648124943491,0.31401166587714724,0.0,0,0,101,0,1525
Ideal2_Hard,527,0,0,0.31773143255960434,0.10428345736570692,0.0,0,0,1011,1,1526
Ideal2_Hard,528,0,0,0.11219778821839278,0.03062662690401335,0.0,0,1,10110,0,1527
Ideal2_Hard,529,0,0,0.04001409436593308,0.010313023307346953,0.0,1,1,101100,0,1528
Ideal2_Hard,530,0,0,0.020106762841200013,0.005103654183518632,0.0,1,1,1011000,0,1529
Ideal2_Hard,531,0,0,0.015001581099848258,0.0037930718309795563,0.0,1,1,10110000,0,1530
Ideal2_Hard,532,1,1,0.013717210394359965,0.05270014466105325,0.0,1,0,101100000,0,1531
Ideal2_Hard,533,1,0,0.06164614176783219,0.016158623015864758,0.0,0,1,1011000001,0,1532
Ideal2_Hard,534,1,1,0.025835450555547465,0.09590829980941185,0.0,1,0,110000010,0,1533
Ideal2_Hard,535,1,1,0.10399013381322361,0.31705024350888295,0.0,1,0,1100000101,0,1534
Ideal2_Hard,536,1,1,0.3207092386387053,0.6537989062326993,0.0,0,1,1000001011,1,1535
Ideal2_Hard,537,1,0,0.6507229281080452,0.3177619928472872,1.0,1,0,10111,1,1536
Ideal2_Hard,538,1,1,0.32140675299034144,0.6545228347430109,0.0,0,1,101110,1,1537
Ideal2_Hard,539,1,1,0.6514323780481507,0.8820133500035391,1.0,1,1,1011101,1,1538
Ideal2_Hard,540,1,1,0.8743730830034683,0.9653263090827483,1.0,1,1,10111011,1,1539
Ideal2_Hard,541,1,1,0.9560197829010934,0.9886299011638354,1.0,1,1,101110111,1,1540
Ideal2_Hard,542,1,1,0.9788573031405586,0.994629160257726,1.0,1,1,1011101111,1,1541
Ideal2_Hard,543,1,1,0.9847365770525713,0.9961399561517543,1.0,1,1,111011111,1,1542
Ideal2_Hard,544,1,1,0.9862171570287193,0.9965182984478553,1.0,1,1,1110111111,1,1543
Ideal2_Hard,545,1,1,0.9865879324788982,0.9966129122323447,1.0,1,1,1101111111,1,1544
Ideal2_Hard,546,1,0,0.9866806539876979,0.9487696790634184,1.0,1,0,1011111111,1,1545
Ideal2_Hard,547,1,1,0.9397942854821499,0.9842367951104368,1.0,1,1,111111110,1,1546
Ideal2_Hard,548,1,0,0.9745520592082281,0.9054282088576033,1.0,1,0,1111111101,1,1547
Ideal2_Hard,549,1,1,0.8973196446804512,0.9721881101187788,1.0,0,1,1111111010,1,1548
Ideal2_Hard,550,1,1,0.9627443479164033,0.9904183592741466,1.0,1,1,1111110101,1,1549
Ideal2_Hard,551,1,1,0.9806099920886636,0.9950809628958923,1.0,1,1,1111101011,1,1550
Ideal2_Hard,552,1,1,0.9851793436379745,0.9962531882524711,1.0,1,1,1111010111,1,1551
Ideal2_Hard,553,1,1,0.9863281244874217,0.9965466204907948,1.0,1,1,1110101111,1,1552
Ideal2_Hard,554,1,1,0.986615688080979,0.9966199927164157,1.0,1,1,1101011111,1,1553
Ideal2_Hard,555,1,1,0.9866875928620873,0.9966383343188653,1.0,1,1,1010111111,1,1554
Ideal2_Hard,556,1,1,0.986705567632488,0.996642919043829,1.0,1,1,101111111,1,1555
Ideal2_Hard,557,1,0,0.9867100606629523,0.9488784495641347,1.0,1,0,1011111111,1,1556
Ideal2_Hard,558,1,1,0.9399008805728519,0.9842660214513169,1.0,1,1,111111110,1,1557
Ideal2_Hard,559,1,0,0.9745807010222906,0.9055271081396253,1.0,1,0,1111111101,1,1558
Ideal2_Hard,560,1,1,0.8974165659768328,0.9722165502293452,1.0,1,1,1111111010,1,1559
Ideal2_Hard,561,1,1,0.9627722192247583,0.9904257332792672,1.0,1,1,1111110101,1,1560
Ideal2_Hard,562,1,1,0.9806172186136819,0.9950828232316666,1.0,1,1,1111101011,1,1561
Ideal2_Hard,563,1,1,0.9851811667670334,0.9962536543380602,1.0,1,1,1111010111,1,1562
Ideal2_Hard,564,1,1,0.986328581251299,0.9965467370600487,1.0,1,1,1110101111,1,1563
Ideal2_Hard,565,1,1,0.9866158023188478,0.9966200218580041,1.0,1,1,1101011111,1,1564
Ideal2_Hard,566,1,1,0.986687621420844,0.9966383416032878,1.0,1,1,1010111111,1,1565
Ideal2_Hard,567,1,0,0.9867055747712221,0.9488618557885609,1.0,1,0,101111111,1,1566
Ideal2_Hard,568,1,1,0.9398846186727896,0.9842615630648074,1.0,1,1,1011111110,1,1567
Ideal2_Hard,569,1,1,0.9745763318035113,0.9935205341076752,1.0,1,1,111111101,1,1568
Ideal2_Hard,570,1,1,0.9836501234255217,0.9958617863951215,1.0,1,1,1111111011,1,1569
Ideal2_Hard,571,1,1,0.985944550667219,0.996448701343051,1.0,1,1,1111110111,1,1570
Ideal2_Hard,572,1,1,0.9865197273161899,0.9965955117566455,1.0,1,1,1111101111,1,1571
Ideal2_Hard,573,1,1,0.9866636015215126,0.996632214786177,1.0,1,1,1111011111,1,1572
Ideal2_Hard,574,1,1,0.9866995704904535,0.9966413893999616,1.0,1,1,1110111111,1,1573
Ideal2_Hard,575,1,1,0.9867085616119623,0.9966436826894325,1.0,1,1,1101111111,1,1574
Ideal2_Hard,576,1,1,0.9867108090356438,0.9966442559159405,1.0,1,1,1011111111,1,1575
Ideal2_Hard,577,1,1,0.9867113707976216,0.9966443991983017,1.0,1,1,111111111,1,1576
Ideal2_Hard,578,1,0,0.9867115112143358,0.9488838153950108,1.0,1,0,1111111111,1,1577
Ideal2_Hard,579,1,1,0.9399061390871106,0.9842674631089756,1.0,1,1,1111111110,1,1578
Ideal2_Hard,580,1,1,0.974582113846796,0.9935220363548717,1.0,1,1,1111111101,1,1579
Ideal2_Hard,581,1,0,0.9836515956277742,0.9376636805818684,1.0,1,0,1111111011,1,1580
Ideal2_Hard,582,1,1,0.9289104069702311,0.9812266599125902,1.0,1,1,1111110110,1,1581
Ideal2_Hard,583,1,1,0.9716021267143383,0.9927460337681824,1.0,1,1,1111101101,1,1582
Ideal2_Hard,584,1,0,0.9828911130928186,0.9349055339453138,1.0,1,0,1111011011,1,1583
Ideal2_Hard,585,1,1,0.9262074232664075,0.9804710364083274,1.0,1,1,1110110110,1,1584
Ideal2_Hard,586,1,1,0.9708616156801609,0.9925526511349959,1.0,1,1,1101101101,1,1585
Ideal2_Hard,587,1,1,0.9827015981122961,0.9956185555377058,1.0,1,1,1011011011,1,1586
Ideal2_Hard,588,1,0,0.9857061844269518,0.9451756837058868,1.0,1,0,110110111,1,1587
Ideal2_Hard,589,1,1,0.936272170031769,0.983268338130934,1.0,1,1,1101101110,1,1588
Ideal2_Hard,590,1,0,0.9736029713683152,0.9021599456233769,1.0,1,0,1011011101,1,1589
Ideal2_Hard,591,1,0,0.8941167467109092,0.678569354272849,1.0,0,0,110111010,1,1590
Ideal2_Hard,592,1,1,0.674997967187392,0.8925610948687304,1.0,0,0,1101110100,0,1591
Ideal2_Hard,593,1,1,0.8847098729713558,0.9684493602985802,1.0,0,1,1011101001,1,1592
Ideal2_Hard,594,1,1,0.9590803730926085,0.9894462001076133,1.0,1,1,111010011,1,1593
Ideal2_Hard,595,1,1,0.979657276105461,0.9948355244004794,1.0,1,1,1110100111,1,1594
Ideal2_Hard,596,1,1,0.9849388139124697,0.9961916851744165,1.0,1,1,1101001111,1,1595
Ideal2_Hard,597,1,1,0.9862678514709281,0.9965312376983786,1.0,1,1,1010011111,1,1596
Ideal2_Hard,598,1,1,0.9866006129444109,0.996616147069739,1.0,1,1,100111111,1,1597
Ideal2_Hard,599,1,0,0.9866838241283442,0.9487814040096952,1.0,1,0,1001111111,1,1598
Ideal2_Hard,600,1,1,0.9398057759295014,0.9842399458072961,1.0,0,1,11111110,1,1599
Ideal2_Hard,601,1,1,0.9745551468911502,0.9935150298888678,1.0,1,1,111111101,1,1600
Ideal2_Hard,602,1,1,0.9836447292910904,0.9958604041648912,1.0,1,1,1111111011,1,1601
Ideal2_Hard,603,1,1,0.9859431960815933,0.996448355442044,1.0,1,1,1111110111,1,1602
Ideal2_Hard,604,1,1,0.9865193883332031,0.996595425270941,1.0,1,1,1111101111,1,1603
Ideal2_Hard,605,1,0,0.9866635167655222,0.9487062997810998,1.0,1,0,1111011111,1,1604
Ideal2_Hard,606,1,1,0.9397321737854778,0.9842197630110122,1.0,1,1,1110111110,1,1605
Ideal2_Hard,607,1,1,0.9745353677507919,0.993509890753789,1.0,1,1,1101111101,1,1606
Ideal2_Hard,608,1,1,0.9836396929387133,0.995859113604982,1.0,1,1,1011111011,1,1607
Ideal2_Hard,609,1,1,0.9859419313328824,0.9964480324807539,1.0,1,1,111110111,1,1608
Ideal2_Hard,610,1,0,0.9865190718311387,0.9481723421235341,1.0,1,0,1111101111,1,1609
Ideal2_Hard,611,1,0,0.9392088952810634,0.7943420948660744,1.0,1,0,1111011110,1,1610
Ideal2_Hard,612,1,1,0.788455252968753,0.9371406372482975,1.0,0,1,1110111100,1,1611
Ideal2_Hard,613,1,1,0.9283978245033315,0.9810836154088917,1.0,1,1,1101111001,1,1612
Ideal2_Hard,614,1,1,0.9714619431007138,0.992709442006034,1.0,1,1,1011110011,1,1613
Ideal2_Hard,615,1,1,0.9828552531659133,0.9956579811814334,1.0,1,1,111100111,1,1614
Ideal2_Hard,616,1,1,0.9857448215578049,0.9963976917290466,1.0,1,1,1111001111,1,1615
Ideal2_Hard,617,1,1,0.9864697378944657,0.9965827573318831,1.0,1,1,1110011111,1,1616
Ideal2_Hard,618,1,1,0.9866511021852453,0.9966290264603234,1.0,1,1,1100111111,1,1617
Ideal2_Hard,619,1,1,0.9866964459311168,0.9966405924376706,1.0,1,1,1001111111,1,1618
Ideal2_Hard,620,1,0,0.9867077805889172,0.9488700152817495,1.0,1,0,11111111,1,1619
Ideal2_Hard,621,1,1,0.9398926149761144,0.9842637553573546,1.0,1,1,111111110,1,1620
Ideal2_Hard,622,1,1,0.9745784802502075,0.9935210923025612,1.0,1,1,1111111101,1,1621
Ideal2_Hard,623,1,1,0.98365067045651,0.9958619265694845,1.0,1,1,1111111011,1,1622
Ideal2_Hard,624,1,0,0.9859446880380948,0.9460534585599946,1.0,1,0,1111110111,1,1623
Ideal2_Hard,625,1,1,0.9371323893887947,0.9835053635616122,1.0,1,1,1111101110,1,1624
Ideal2_Hard,626,1,1,0.97383525629038,0.9933278834071047,1.0,1,1,1111011101,1,1625
Ideal2_Hard,627,1,0,0.9834613257389626,0.9369724779269878,1.0,1,0,1110111011,1,1626
Ideal2_Hard,628,1,1,0.928233028368448,0.9810376016645577,1.0,1,1,1101110110,1,1627
Ideal2_Hard,629,1,1,0.9714168496312665,0.9926976697041503,1.0,1,1,1011101101,1,1628
Ideal2_Hard,630,1,1,0.9828437163100674,0.9956550213122718,1.0,1,1,111011011,1,1629
Ideal2_Hard,631,1,0,0.9857419208860264,0.9453071293732068,1.0,1,0,1110110111,1,1630
Ideal2_Hard,632,1,1,0.9364009867857427,0.9833038528332203,1.0,1,1,1101101110,1,1631
Ideal2_Hard,633,1,1,0.973637775776556,0.9932765093174355,1.0,1,1,1011011101,1,1632
Ideal2_Hard,634,1,1,0.9834109791310869,0.9958004955323317,1.0,1,1,110111011,1,1633
Ideal2_Hard,635,1,1,0.9858844856216852,0.9964333627155177,1.0,1,1,1101110111,1,1634
Ideal2_Hard,636,1,1,0.9865046954612073,0.9965916765935493,1.0,1,1,1011101111,1,1635
Ideal2_Hard,637,1,0,0.9866598430616783,0.9486927139891072,1.0,1,0,111011111,1,1636
Ideal2_Hard,638,1,0,0.939718859709325,0.7958031040350506,1.0,1,0,1110111110,1,1637
Ideal2_Hard,639,1,0,0.7898870419543496,0.4844925521220183,1.0,0,0,1101111100,1,1638
Ideal2_Hard,640,1,1,0.48480270107957796,0.7900930581835234,0.0,1,0,1011111000,0,1639
Ideal2_Hard,641,1,1,0.7842911970198528,0.9356644987883423,1.0,0,1,111110001,1,1640
Ideal2_Hard,642,1,1,0.9269512088125754,0.9806792861070768,1.0,1,1,1111100011,1,1641
Ideal2_Hard,643,1,1,0.9710657003849352,0.9926059692708742,1.0,1,1,1111000111,1,1642
Ideal2_Hard,644,1,0,0.9827538498854567,0.9344089774072307,1.0,1,0,1110001111,1,1643
Ideal2_Hard,645,1,1,0.9257207978590861,0.9803346548543374,1.0,1,1,1100011110,1,1644
Ideal2_Hard,646,1,1,0.9707279617572505,0.9925177243449752,1.0,1,1,1000111101,1,1645
Ideal2_Hard,647,1,1,0.9826673698580757,0.9956097718134722,1.0,1,1,1111011,1,1646
Ideal2_Hard,648,1,0,0.9856975763772027,0.9451440256586257,1.0,1,0,11110111,1,1647
Ideal2_Hard,649,1,0,0.9362411451454531,0.7859141806322646,1.0,1,0,111101110,1,1648
Ideal2_Hard,650,1,1,0.7801958970196193,0.934201965849096,1.0,0,1,1111011100,1,1649
Ideal2_Hard,651,1,0,0.925517926532114,0.7564843563182966,1.0,1,0,1110111001,1,1650
Ideal2_Hard,652,1,1,0.7513546691919306,0.9235892931948487,1.0,0,1,1101110010,1,1651
Ideal2_Hard,653,1,0,0.9151175073309518,0.7293821757682124,1.0,0,0,1011100101,1,1652
Ideal2_Hard,654,1,1,0.7247945322528482,0.9133042811750376,1.0,0,1,111001010,1,1653
Ideal2_Hard,655,1,1,0.9050381955515368,0.9744390644666564,1.0,0,1,1110010101,1,1654
Ideal2_Hard,656,1,1,0.9649502831773232,0.9910010118033433,1.0,1,1,1100101011,1,1655
Ideal2_Hard,657,1,1,0.9811809915672763,0.9952278931525662,1.0,1,1,1001010111,1,1656
Ideal2_Hard,658,1,1,0.9853233352895149,0.9962899959583331,1.0,1,1,10101111,1,1657
Ideal2_Hard,659,1,1,0.9863641960391665,0.9965558259481582,1.0,1,1,101011111,1,1658
Ideal2_Hard,660,1,0,0.9866247094291949,0.9485628001973088,1.0,1,0,1010111111,1,1659
Ideal2_Hard,661,1,1,0.9395915441933627,0.9841811938072335,1.0,1,1,101111110,1,1660
Ideal2_Hard,662,1,1,0.9744975699310888,0.9935000694648277,1.0,1,1,1011111101,1,1661
Ideal2_Hard,663,1,1,0.9836300680755312,0.9958566472166307,1.0,1,1,111111011,1,1662
Ideal2_Hard,664,1,1,0.9859395142722981,0.9964474152678827,1.0,1,1,1111110111,1,1663
Ideal2_Hard,665,1,1,0.986518466962525,0.996595190198765,1.0,1,1,1111101111,1,1664
Ideal2_Hard,666,1,1,0.9866632863947896,0.9966321344045166,1.0,1,1,1111011111,1,1665
Ideal2_Hard,667,1,1,0.9866994917164262,0.9966413693075973,1.0,1,1,1110111111,1,1666
Ideal2_Hard,668,1,0,0.9867085419214454,0.9488728315347734,1.0,1,0,1101111111,1,1667
Ideal2_Hard,669,1,1,0.9398953749040779,0.984264512021796,1.0,1,1,1011111110,1,1668
Ideal2_Hard,670,1,1,0.9745792217813601,0.9935212849617431,1.0,1,1,111111101,1,1669
Ideal2_Hard,671,1,1,0.9836508592625083,0.9958619749501911,1.0,1,1,1111111011,1,1670
Ideal2_Hard,672,1,0,0.9859447354511872,0.9460536331762158,1.0,1,0,1111110111,1,1671
Ideal2_Hard,673,1,1,0.9371325605126916,0.9835054106812757,1.0,1,1,1111101110,1,1672
Ideal2_Hard,674,1,1,0.9738353024676503,0.9933278954181972,1.0,1,1,1111011101,1,1673
Ideal2_Hard,675,1,1,0.9834613375098333,0.9958134038519519,1.0,1,1,1110111011,1,1674
Ideal2_Hard,676,1,0,0.9858971357749129,0.945878353784306,1.0,1,0,1101110111,1,1675
Ideal2_Hard,677,1,1,0.9369607867086199,0.9834581056736429,1.0,1,1,1011101110,1,1676
Ideal2_Hard,678,1,0,0.9737889435601701,0.9027989971553851,1.0,1,0,111011101,1,1677
Ideal2_Hard,679,1,1,0.8947430172122774,0.9714303911856514,1.0,0,1,1110111010,1,1678
Ideal2_Hard,680,1,1,0.9620017833619383,0.990221779638769,1.0,1,1,1101110101,1,1679
Ideal2_Hard,681,1,1,0.9804173440459937,0.9950313616601211,1.0,1,1,1011101011,1,1680
Ideal2_Hard,682,1,1,0.9851307344269186,0.9962407607617904,1.0,1,1,111010111,1,1681
Ideal2_Hard,683,1,1,0.9863159455465546,0.9965435123123368,1.0,1,1,1110101111,1,1682
Ideal2_Hard,684,1,0,0.98661264206609,0.9485181847287324,1.0,1,0,1101011111,1,1683
Ideal2_Hard,685,1,1,0.9395478210341578,0.9841692005158481,1.0,1,1,1010111110,1,1684
Ideal2_Hard,686,1,1,0.9744858165055311,0.9934970153690306,1.0,1,1,101111101,1,1685
Ideal2_Hard,687,1,1,0.98362707506165,0.9958558802441388,1.0,1,1,1011111011,1,1686
Ideal2_Hard,688,1,1,0.9859387626392562,0.9964472233328087,1.0,1,1,111110111,1,1687
Ideal2_Hard,689,1,1,0.9865182788661525,0.9965951422091103,1.0,1,1,1111101111,1,1688
Ideal2_Hard,690,1,1,0.9866632393649281,0.996632122408265,1.0,1,1,1111011111,1,1689
Ideal2_Hard,691,1,1,0.9866994799600997,0.9966413663089895,1.0,1,1,1110111111,1,1690
Ideal2_Hard,692,1,1,0.9867085389828096,0.9966436769176448,1.0,1,1,1101111111,1,1691
Ideal2_Hard,693,1,1,0.986710803379292,0.9966442544732372,1.0,1,1,1011111111,1,1692
Ideal2_Hard,694,1,1,0.9867113693837726,0.9966443988376872,1.0,1,1,111111111,1,1693
Ideal2_Hard,695,1,1,0.9867115108609334,0.9966444349226692,1.0,1,1,1111111111,1,1694
Ideal2_Hard,696,1,1,0.9867115462242159,0.9966444439423812,1.0,1,1,1111111111,1,1695
Ideal2_Hard,697,1,0,0.9867115550635335,0.9488839776011875,1.0,1,0,1111111111,1,1696
Ideal2_Hard,698,1,0,0.9399062980491637,0.7963410524734921,1.0,1,0,1111111110,1,1697
Ideal2_Hard,699,1,1,0.7904142314240222,0.937831302109434,1.0,0,1,1111111100,1,1698
Ideal2_Hard,700,1,1,0.9290746760672453,0.9812724773067012,1.0,0,1,1111111001,1,1699
Ideal2_Hard,701,1,1,0.9716470277605671,0.9927577525085854,1.0,1,1,1111110011,1,1700
Ideal2_Hard,702,1,1,0.9829025974584137,0.9956701271806943,1.0,1,1,1111100111,1,1701
Ideal2_Hard,703,1,0,0.9857567246370804,0.945361588374831,1.0,1,0,1111001111,1,1702
Ideal2_Hard,704,1,1,0.9364543566073344,0.9833185647500817,1.0,1,1,1110011110,1,1703
Ideal2_Hard,705,1,1,0.9736521934550801,0.9932802605678267,1.0,1,1,1100111101,1,1704
Ideal2_Hard,706,1,1,0.9834146553564701,0.995801437889409,1.0,1,1,1001111011,1,1705
Ideal2_Hard,707,1,1,0.9858854091316208,0.9964335985600068,1.0,1,1,11110111,1,1706
Ideal2_Hard,708,1,1,0.9865049265888066,0.9965917355631163,1.0,1,1,111101111,1,1707
Ideal2_Hard,709,1,0,0.9866599008518541,0.9486929277017934,1.0,1,0,1111011111,1,1708
Ideal2_Hard,710,1,1,0.9397190691477574,0.9842161692808143,1.0,1,1,1110111110,1,1709
Ideal2_Hard,711,1,1,0.974531845895198,0.9935089756678068,1.0,1,1,1101111101,1,1710
Ideal2_Hard,712,1,1,0.9836387961544506,0.9958588838039387,1.0,1,1,1011111011,1,1711
Ideal2_Hard,713,1,1,0.98594170612786,0.9964479749732141,1.0,1,1,111110111,1,1712
Ideal2_Hard,714,1,0,0.9865190154737499,0.9481721338786318,1.0,1,0,1111101111,1,1713
Ideal2_Hard,715,1,1,0.9392086912010591,0.9840761489923594,1.0,1,1,1111011110,1,1714
Ideal2_Hard,716,1,1,0.9743946260125121,0.9934733179010982,1.0,1,1,1110111101,1,1715
Ideal2_Hard,717,1,1,0.9836038515430763,0.9958499290006095,1.0,1,1,1101111011,1,1716
Ideal2_Hard,718,1,1,0.9859329304205973,0.9964457340250695,1.0,1,1,1011110111,1,1717
Ideal2_Hard,719,1,1,0.986516819344568,0.9965947698360365,1.0,1,1,111101111,1,1718
Ideal2_Hard,720,1,0,0.9866628744393158,0.9487039243619291,1.0,1,0,1111011111,1,1719
Ideal2_Hard,721,1,0,0.9397298458746906,0.7958346202182559,1.0,1,0,1110111110,1,1720
Ideal2_Hard,722,1,1,0.7899179278138907,0.9376565512832384,1.0,0,1,1101111100,1,1721
Ideal2_Hard,723,1,1,0.9289034202575737,0.9812247109373723,1.0,0,1,1011111001,1,1722
Ideal2_Hard,724,1,0,0.9716002167186247,0.8953195713379133,1.0,1,0,111110011,1,1723
Ideal2_Hard,725,1,1,0.887413179911155,0.9692573850324824,1.0,0,1,1111100110,1,1724
Ideal2_Hard,726,1,1,0.9598722373318327,0.9896567713650436,1.0,1,1,1111001101,1,1725
Ideal2_Hard,727,1,1,0.9798636359377427,0.9948887169928428,1.0,1,1,1110011011,1,1726
Ideal2_Hard,728,1,1,0.9849909426529858,0.9962050163174547,1.0,1,1,1100110111,1,1727
Ideal2_Hard,729,1,0,0.9862809159911057,0.9472929416485771,1.0,1,0,1001101111,1,1728
Ideal2_Hard,730,1,0,0.9383470828156055,0.7918816427877073,1.0,1,0,11011110,1,1729
Ideal2_Hard,731,1,1,0.7860440099319532,0.936287201286409,1.0,0,1,110111100,1,1730
Ideal2_Hard,732,1,1,0.9275614572606807,0.9808499637771276,1.0,0,1,1101111001,1,1731
Ideal2_Hard,733,1,0,0.971232964501585,0.8940734375527736,1.0,1,0,1011110011,1,1732
Ideal2_Hard,734,1,1,0.886191968801718,0.968892805804839,1.0,0,1,111100110,1,1733
Ideal2_Hard,735,1,1,0.9595149496887422,0.9895617939493456,1.0,1,1,1111001101,1,1734
Ideal2_Hard,736,1,1,0.9797705580703587,0.994864726733334,1.0,1,1,1110011011,1,1735
Ideal2_Hard,737,1,0,0.9849674321986673,0.9424644499653193,1.0,1,0,1100110111,1,1736
Ideal2_Hard,738,1,1,0.9336151609660129,0.9825341915811399,1.0,1,1,1001101110,1,1737
Ideal2_Hard,739,1,0,0.972883507749517,0.8996938812715928,1.0,1,0,11011101,1,1738
Ideal2_Hard,740,1,1,0.891700003646161,0.9705314151910159,1.0,0,1,110111010,1,1739
Ideal2_Hard,741,1,1,0.9611207868871957,0.989988260300751,1.0,1,1,1101110101,1,1740
Ideal2_Hard,742,1,1,0.9801884950947359,0.9949724208418186,1.0,1,1,1011101011,1,1741
Ideal2_Hard,743,1,1,0.9850729724249822,0.9962259920658697,1.0,1,1,111010111,1,1742
Ideal2_Hard,744,1,1,0.9863014722245523,0.9965398185119717,1.0,1,1,1110101111,1,1743
Ideal2_Hard,745,1,0,0.9866090221417322,0.9485048017458158,1.0,1,0,1101011111,1,1744
Ideal2_Hard,746,1,0,0.9395347057108994,0.7952750803825435,1.0,1,0,1010111110,1,1745
Ideal2_Hard,747,1,1,0.7893695787748927,0.9374632953641069,1.0,0,1,101111100,1,1746
Ideal2_Hard,748,1,1,0.9287140294568248,0.9811718712929086,1.0,0,1,1011111001,1,1747
Ideal2_Hard,749,1,1,0.9715484338670505,0.9927320193936057,1.0,1,1,111110011,1,1748
Ideal2_Hard,750,1,1,0.9828773790057336,0.9956636575907521,1.0,1,1,1111100111,1,1749
Ideal2_Hard,751,1,0,0.9857503844389371,0.945338263930424,1.0,1,0,1111001111,1,1750
Ideal2_Hard,752,1,1,0.9364314986518154,0.9833122638809683,1.0,1,1,1110011110,1,1751
Ideal2_Hard,753,1,1,0.973646018603349,0.9932786539798557,1.0,1,1,1100111101,1,1752
Ideal2_Hard,754,1,1,0.9834130809002586,0.9958010342967478,1.0,1,1,1001111011,1,1753
Ideal2_Hard,755,1,1,0.9858850136108128,0.9964334975525765,1.0,1,1,11110111,1,1754
Ideal2_Hard,756,1,0,0.986504827601525,0.9481197107486872,1.0,1,0,111101111,1,1755
Ideal2_Hard,757,1,1,0.9391573165337135,0.9840620483216271,1.0,1,1,1111011110,1,1756
Ideal2_Hard,758,1,1,0.9743808073551945,0.9934697265894017,1.0,1,1,1110111101,1,1757
Ideal2_Hard,759,1,0,0.9836003320576137,0.9374773789049917,1.0,1,0,1101111011,1,1758
Ideal2_Hard,760,1,1,0.9287278313268919,0.9811757225220548,1.0,0,1,1011110110,1,1759
Ideal2_Hard,761,1,1,0.9715522080716137,0.9927330045367411,1.0,1,1,111101101,1,1760
Ideal2_Hard,762,1,0,0.9828783444460063,0.9348593263161352,1.0,1,0,1111011011,1,1761
Ideal2_Hard,763,1,1,0.9261621397898124,0.980458349715993,1.0,1,1,1110110110,1,1762
Ideal2_Hard,764,1,1,0.9708491827216731,0.9925494024240041,1.0,1,1,1101101101,1,1763
Ideal2_Hard,765,1,1,0.9826984143755241,0.9956177385399714,1.0,1,1,1011011011,1,1764
Ideal2_Hard,766,1,1,0.985705383769172,0.9963876177286065,1.0,1,1,110110111,1,1765
Ideal2_Hard,767,1,1,0.9864598653740343,0.9965802383183398,1.0,1,1,1101101111,1,1766
Ideal2_Hard,768,1,0,0.9866486335519729,0.9486512616739949,1.0,1,0,1011011111,1,1767
Ideal2_Hard,769,1,1,0.9396782364405151,0.9842049711116134,1.0,1,1,110111110,1,1768
Ideal2_Hard,770,1,1,0.9745208716893812,0.9935061242013143,1.0,1,1,1101111101,1,1769
Ideal2_Hard,771,1,1,0.983636001717288,0.9958581677271722,1.0,1,1,1011111011,1,1770
Ideal2_Hard,772,1,1,0.9859410043726288,0.9964477957754114,1.0,1,1,111110111,1,1771
Ideal2_Hard,773,1,1,0.9865188398599032,0.9965952853372761,1.0,1,1,1111101111,1,1772
Ideal2_Hard,774,1,0,0.9866633796305306,0.9487057926344827,1.0,1,0,1111011111,1,1773
Ideal2_Hard,775,1,1,0.939731676781793,0.98421962671732,1.0,1,1,1110111110,1,1774
Ideal2_Hard,776,1,1,0.9745352341829736,0.9935098560488675,1.0,1,1,1101111101,1,1775
Ideal2_Hard,777,1,1,0.9836396589278902,0.9958591048897114,1.0,1,1,1011111011,1,1776
Ideal2_Hard,778,1,0,0.9859419227919173,0.9460432746022783,1.0,1,0,111110111,1,1777
Ideal2_Hard,779,1,1,0.9371224091102327,0.9835026154292134,1.0,1,1,1111101110,1,1778
Ideal2_Hard,780,1,1,0.9738325631206292,0.9933271828897523,1.0,1,1,1111011101,1,1779
Ideal2_Hard,781,1,1,0.9834606392319571,0.9958132248697388,1.0,1,1,1110111011,1,1780
Ideal2_Hard,782,1,1,0.9858969603723441,0.9964365484694764,1.0,1,1,1101110111,1,1781
Ideal2_Hard,783,1,1,0.9865078175000868,0.9965924731443646,1.0,1,1,1011101111,1,1782
Ideal2_Hard,784,1,1,0.9866606236814773,0.9966314552053732,1.0,1,1,111011111,1,1783
Ideal2_Hard,785,1,1,0.9866988261012657,0.9966411995334943,1.0,1,1,1110111111,1,1784
Ideal2_Hard,786,1,1,0.9867083755428243,0.9966436352306646,1.0,1,1,1101111111,1,1785
Ideal2_Hard,787,1,0,0.9867107625260513,0.9488810458668898,1.0,1,0,1011111111,1,1786
Ideal2_Hard,788,1,1,0.939903424949552,0.9842667190110829,1.0,1,1,111111110,1,1787
Ideal2_Hard,789,1,1,0.9745813846308612,0.993521846896179,1.0,1,1,1111111101,1,1788
Ideal2_Hard,790,1,1,0.9836514099582553,0.9958621160634749,1.0,1,1,1111111011,1,1789
Ideal2_Hard,791,1,1,0.9859448737422054,0.9964487838419487,1.0,1,1,1111110111,1,1790
Ideal2_Hard,792,1,1,0.9865198081651096,0.9965955323838565,1.0,1,1,1111101111,1,1791
Ideal2_Hard,793,1,1,0.9866636217361793,0.9966322199424774,1.0,1,1,1111011111,1,1792
Ideal2_Hard,794,1,1,0.9866995755436277,0.9966413906888408,1.0,1,1,1110111111,1,1793
Ideal2_Hard,795,1,1,0.9867085628750639,0.996643683011599,1.0,1,1,1101111111,1,1794
Ideal2_Hard,796,1,1,0.986710809351367,0.9966442559964684,1.0,1,1,1011111111,1,1795
Ideal2_Hard,797,1,1,0.986711370876539,0.9966443992184303,1.0,1,1,111111111,1,1796
Ideal2_Hard,798,1,1,0.9867115112340618,0.9966444350178387,1.0,1,1,1111111111,1,1797
Ideal2_Hard,799,1,1,0.986711546317482,0.9966444439661696,1.0,1,1,1111111111,1,1798
Ideal2_Hard,800,1,1,0.9867115550868463,0.9966444462028718,1.0,1,1,1111111111,1,1799
Ideal2_Hard,801,1,1,0.9867115572788143,0.9966444467619524,1.0,1,1,1111111111,1,1800
Ideal2_Hard,802,1,0,0.9867115578267134,0.9488839878226946,1.0,1,0,1111111111,1,1801
Ideal2_Hard,803,1,1,0.9399063080662408,0.9842675094355626,1.0,1,1,1111111110,1,1802
Ideal2_Hard,804,1,1,0.9745821592468513,0.9935220481503216,1.0,1,1,1111111101,1,1803
Ideal2_Hard,805,1,1,0.9836516071873153,0.9958621666024968,1.0,1,1,1111111011,1,1804
Ideal2_Hard,806,1,1,0.9859449232704468,0.9964487964892423,1.0,1,1,1111110111,1,1805
Ideal2_Hard,807,1,1,0.9865198205594574,0.9965955355460608,1.0,1,1,1111101111,1,1806
Ideal2_Hard,808,1,1,0.9866636248351396,0.9966322207329517,1.0,1,1,1111011111,1,1807
Ideal2_Hard,809,1,1,0.9866995763182926,0.9966413908864293,1.0,1,1,1110111111,1,1808
Ideal2_Hard,810,1,1,0.9867085630687007,0.9966436830609879,1.0,1,1,1101111111,1,1809
Ideal2_Hard,811,1,1,0.9867108093997681,0.9966442560088137,1.0,1,1,1011111111,1,1810
Ideal2_Hard,812,1,1,0.9867113708886374,0.996644399221516,1.0,1,1,111111111,1,1811
Ideal2_Hard,813,1,0,0.9867115112370858,0.9488838154791673,1.0,1,0,1111111111,1,1812
Ideal2_Hard,814,1,1,0.9399061391695839,0.9842674631315862,1.0,1,1,1111111110,1,1813
Ideal2_Hard,815,1,1,0.9745821138689545,0.9935220363606286,1.0,1,1,1111111101,1,1814
Ideal2_Hard,816,1,0,0.9836515956334161,0.937663680602375,1.0,1,0,1111111011,1,1815
Ideal2_Hard,817,1,1,0.9289104069903276,0.9812266599181962,1.0,1,1,1111110110,1,1816
Ideal2_Hard,818,1,1,0.9716021267198323,0.9927460337696163,1.0,1,1,1111101101,1,1817
Ideal2_Hard,819,1,1,0.982891113094224,0.9956671809907466,1.0,1,1,1111011011,1,1818
Ideal2_Hard,820,1,1,0.9857538373709317,0.9963999946464336,1.0,1,1,1110110111,1,1819
Ideal2_Hard,821,1,0,0.9864719947535049,0.947998412268974,1.0,1,0,1101101111,1,1820
Ideal2_Hard,822,1,1,0.9390384440235944,0.9840294173287832,1.0,1,1,1011011110,1,1821
Ideal2_Hard,823,1,0,0.9743488289822076,0.904726914553382,1.0,1,0,110111101,1,1822
Ideal2_Hard,824,1,1,0.8966323762623144,0.9719863128618798,1.0,1,1,1101111010,1,1823
Ideal2_Hard,825,1,0,0.9625465866046421,0.8653191221969864,1.0,1,0,1011110101,1,1824
Ideal2_Hard,826,1,1,0.8580127397530467,0.9602725960002785,1.0,0,1,111101010,1,1825
Ideal2_Hard,827,1,1,0.9510671440802729,0.9873007272575235,1.0,1,1,1111010101,1,1826
Ideal2_Hard,828,1,0,0.977554712712373,0.9158829452298101,1.0,1,0,1110101011,1,1827
Ideal2_Hard,829,1,1,0.9075652863252139,0.9751699528577065,1.0,0,1,1101010110,1,1828
Ideal2_Hard,830,1,1,0.9656665538005523,0.9911897743950281,1.0,1,1,1010101101,1,1829
Ideal2_Hard,831,1,1,0.9813659789071275,0.995275466940265,1.0,1,1,101011011,1,1830
Ideal2_Hard,832,1,1,0.9853699576014596,0.9963019120123251,1.0,1,1,1010110111,1,1831
Ideal2_Hard,833,1,1,0.9863758737720787,0.996558805996915,1.0,1,1,101101111,1,1832
Ideal2_Hard,834,1,1,0.9866276298769767,0.9966230389898552,1.0,1,1,1011011111,1,1833
Ideal2_Hard,835,1,1,0.9866905782100581,0.9966390957836563,1.0,1,1,110111111,1,1834
Ideal2_Hard,836,1,0,0.9867063138679831,0.9488645897540573,1.0,1,0,1101111111,1,1835
Ideal2_Hard,837,1,1,0.9398872979589761,0.9842622976296967,1.0,1,1,1011111110,1,1836
Ideal2_Hard,838,1,1,0.9745770516771027,0.9935207211405659,1.0,1,1,111111101,1,1837
Ideal2_Hard,839,1,1,0.9836503067177547,0.9958618333629892,1.0,1,1,1111111011,1,1838
Ideal2_Hard,840,1,1,0.9859445966957294,0.9964487130966758,1.0,1,1,1111110111,1,1839
Ideal2_Hard,841,1,1,0.9865197388347423,0.9965955146954061,1.0,1,1,1111101111,1,1840
Ideal2_Hard,842,1,0,0.9866636044014979,0.948706623872836,1.0,1,0,1111011111,1,1841
Ideal2_Hard,843,1,1,0.9397324913953792,0.9842198501093574,1.0,1,1,1110111110,1,1842
Ideal2_Hard,844,1,1,0.9745354531071703,0.9935099129319299,1.0,1,1,1101111101,1,1843
Ideal2_Hard,845,1,1,0.9836397146732913,0.9958591191744656,1.0,1,1,1011111011,1,1844
Ideal2_Hard,846,1,1,0.9859419367909762,0.9964480338745128,1.0,1,1,111110111,1,1845
Ideal2_Hard,847,1,0,0.9865190731970226,0.9481723471705806,1.0,1,0,1111101111,1,1846
Ideal2_Hard,848,1,1,0.939208900227169,0.9840762063608841,1.0,1,1,1111011110,1,1847
Ideal2_Hard,849,1,0,0.9743946822336664,0.9048850727447435,1.0,1,0,1110111101,1,1848
Ideal2_Hard,850,1,0,0.8967873712898486,0.6847597956558497,1.0,0,0,1101111010,1,1849
Ideal2_Hard,851,1,1,0.6810645997427326,0.8951971444151356,1.0,0,1,1011110100,1,1850
Ideal2_Hard,852,1,0,0.8872932015268329,0.6630892142172798,1.0,0,0,111101001,1,1851
Ideal2_Hard,853,1,1,0.6598274299329342,0.8858282959990218,1.0,0,1,1111010010,1,1852
Ideal2_Hard,854,1,1,0.8781117300790413,0.9664620175243094,1.0,0,1,1110100101,1,1853
Ideal2_Hard,855,1,1,0.9571327771738233,0.9889271991266965,1.0,1,1,1101001011,1,1854
Ideal2_Hard,856,1,1,0.9791486551441625,0.9947043476814933,1.0,1,1,1010010111,1,1855
Ideal2_Hard,857,1,1,0.9848102607278634,0.9961588051204302,1.0,1,1,100101111,1,1856
Ideal2_Hard,858,1,1,0.9862356290180216,0.9965230133539335,1.0,1,1,1001011111,1,1857
Ideal2_Hard,859,1,0,0.9865925530868548,0.9484439186198806,1.0,1,0,10111111,1,1858
Ideal2_Hard,860,1,1,0.9394750402474831,0.9841492348707499,1.0,1,1,101111110,1,1859
Ideal2_Hard,861,1,1,0.974466250173335,0.9934919309888446,1.0,1,1,1011111101,1,1860
Ideal2_Hard,862,1,1,0.9836220923690677,0.9958546034003145,1.0,1,1,111111011,1,1861
Ideal2_Hard,863,1,1,0.9859375113323082,0.9964469038018104,1.0,1,1,1111110111,1,1862
Ideal2_Hard,864,1,1,0.9865179657257743,0.9965950623165309,1.0,1,1,1111101111,1,1863
Ideal2_Hard,865,1,1,0.9866631610702004,0.9966321024370534,1.0,1,1,1111011111,1,1864
Ideal2_Hard,866,1,1,0.9866994603883122,0.9966413613169441,1.0,1,1,1110111111,1,1865
Ideal2_Hard,867,1,1,0.9867085340906053,0.9966436756698399,1.0,1,1,1101111111,1,1866
Ideal2_Hard,868,1,0,0.9867108021564431,0.9488811924662987,1.0,1,0,1011111111,1,1867
Ideal2_Hard,869,1,1,0.9399035686169727,0.9842667583984899,1.0,1,1,111111110,1,1868
Ideal2_Hard,870,1,1,0.9745814232305201,0.99352185692482,1.0,1,1,1111111101,1,1869
Ideal2_Hard,871,1,1,0.9836514197863236,0.9958621185818717,1.0,1,1,1111111011,1,1870
Ideal2_Hard,872,1,1,0.9859448762102343,0.9964487844721728,1.0,1,1,1111110111,1,1871
Ideal2_Hard,873,1,1,0.9865198087827294,0.9965955325414315,1.0,1,1,1111101111,1,1872
Ideal2_Hard,874,1,1,0.9866636218906029,0.9966322199818675,1.0,1,1,1111011111,1,1873
Ideal2_Hard,875,1,1,0.9866995755822302,0.9966413906986868,1.0,1,1,1110111111,1,1874
Ideal2_Hard,876,1,1,0.9867085628847132,0.99664368301406,1.0,1,1,1101111111,1,1875
Ideal2_Hard,877,1,0,0.9867108093537788,0.948881219090444,1.0,1,0,1011111111,1,1876
Ideal2_Hard,878,1,1,0.939903594708635,0.9842667655516968,1.0,1,1,111111110,1,1877
Ideal2_Hard,879,1,1,0.9745814302406628,0.9935218587461365,1.0,1,1,1111111101,1,1878
Ideal2_Hard,880,1,1,0.9836514215712138,0.9958621190392416,1.0,1,1,1111111011,1,1879
Ideal2_Hard,881,1,0,0.9859448766584569,0.9460541532244113,1.0,1,0,1111110111,1,1880
Ideal2_Hard,882,1,1,0.9371330701599232,0.9835055510146461,1.0,1,1,1111101110,1,1881
Ideal2_Hard,883,1,1,0.9738354399943531,0.9933279311900332,1.0,1,1,1111011101,1,1882
Ideal2_Hard,884,1,1,0.9834613725662325,0.9958134128375845,1.0,1,1,1110111011,1,1883
Ideal2_Hard,885,1,0,0.9858971445808328,0.9458783862064774,1.0,1,0,1101110111,1,1884
Ideal2_Hard,886,1,1,0.9369608184823478,0.9834581144250335,1.0,1,1,1011101110,1,1885
Ideal2_Hard,887,1,0,0.9737889521365327,0.9027990266413676,1.0,1,0,111011101,1,1886
Ideal2_Hard,888,1,0,0.8947430461085403,0.6800143339319267,1.0,1,0,1110111010,1,1887
Ideal2_Hard,889,1,0,0.6764140472532882,0.34322534573441615,1.0,0,0,1101110100,1,1888
Ideal2_Hard,890,1,1,0.34636083881972785,0.6794444776490456,0.0,1,0,1011101000,0,1889
Ideal2_Hard,891,1,1,0.6758555880960646,0.8929356684293818,1.0,0,0,111010001,0,1890
Ideal2_Hard,892,1,0,0.8850769550607941,0.658162752360338,1.0,1,0,1110100011,1,1891
Ideal2_Hard,893,1,0,0.6549994973131313,0.3218668363235554,1.0,0,1,1101000110,0,1892
Ideal2_Hard,894,1,1,0.3254294995970843,0.6586680027660436,0.0,1,0,1010001100,0,1893
Ideal2_Hard,895,1,1,0.6554946427107227,0.8838674452195016,1.0,0,0,100011001,0,1894
Ideal2_Hard,896,0,0,0.8761900963151116,0.6388880809949044,1.0,1,0,1000110011,1,1895
Ideal2_Hard,897,0,0,0.6361103193750063,0.30411614200915565,1.0,0,0,1100110,1,1896
Ideal2_Hard,898,0,0,0.30803381916897254,0.10014433665920083,0.0,0,1,11001100,0,1897
Ideal2_Hard,899,0,0,0.10814144992601682,0.02942163628695458,0.0,1,1,110011000,0,1898
Ideal2_Hard,900,0,0,0.03883320356121549,0.009999536415149331,0.0,1,1,1100110000,0,1899
Ideal2_Hard,901,0,0,0.019799545686846345,0.005024498512601899,0.0,1,1,1001100000,0,1900
Ideal2_Hard,902,0,0,0.014924008542349858,0.003773235990199999,0.0,1,1,11000000,0,1901
Ideal2_Hard,903,0,0,0.013697771270396,0.003459988415029469,0.0,1,1,110000000,0,1902
Ideal2_Hard,904,0,0,0.01339078864672888,0.003381659477182841,0.0,1,1,1100000000,0,1903
Ideal2_Hard,905,0,0,0.013314026287639185,0.003362078674802872,0.0,1,1,1000000000,0,1904
Ideal2_Hard,906,0,0,0.013294837101306814,0.003357184188000615,0.0,1,1,0,0,1905
Ideal2_Hard,907,0,0,0.013290040504240604,0.003355960766952733,0.0,1,1,0,0,1906
Ideal2_Hard,908,0,0,0.013288841551613677,0.0033556549632346526,0.0,1,1,0,0,1907
Ideal2_Hard,909,0,1,0.013288541863969959,0.05111638095126335,0.0,1,0,0,0,1908
Ideal2_Hard,910,0,0,0.06009405333223808,0.015732589643895366,0.0,1,1,1,0,1909
Ideal2_Hard,911,0,0,0.02541793785101746,0.006477977076808336,0.0,1,1,10,0,1910
Ideal2_Hard,912,0,0,0.01634841753527217,0.004137839732549358,0.0,1,1,100,0,1911
Ideal2_Hard,913,0,0,0.01405508293789837,0.003551205096090875,0.0,1,1,1000,0,1912
Ideal2_Hard,914,0,0,0.013480180994169057,0.0034044648503202156,0.0,1,1,10000,0,1913
Ideal2_Hard,915,0,0,0.01333637555331381,0.003367779366134051,0.0,1,1,100000,0,1914
Ideal2_Hard,916,0,0,0.01330042377881137,0.0033586091383383076,0.0,1,1,1000000,0,1915
Ideal2_Hard,917,0,0,0.013291436955571542,0.0033563169452029457,0.0,1,1,10000000,0,1916
Ideal2_Hard,918,0,0,0.013289190606298887,0.003355743992733757,0.0,1,1,100000000,0,1917
Ideal2_Hard,919,0,0,0.013288629112879083,0.003355600778870745,0.0,1,1,1000000000,0,1918
Ideal2_Hard,920,0,0,0.01328848876329333,0.00335556498148657,0.0,1,1,0,0,1919
Ideal2_Hard,921,0,0,0.013288453681856839,0.003355556033661852,0.0,1,1,0,0,1920
Ideal2_Hard,922,0,0,0.013288444912988615,0.003355553797086013,0.0,1,1,0,0,1921
Ideal2_Hard,923,0,0,0.013288442721144293,0.0033555532380371267,0.0,1,1,0,0,1922
Ideal2_Hard,924,0,0,0.013288442173276384,0.0033555530982986703,0.0,1,1,0,0,1923
Ideal2_Hard,925,0,1,0.013288442036332697,0.0511160116706875,0.0,1,0,0,0,1924
Ideal2_Hard,926,0,0,0.06009369143727375,0.015732490428323066,0.0,1,1,1,0,1925
Ideal2_Hard,927,0,0,0.025417840619756604,0.006477951815021663,0.0,1,1,10,0,1926
Ideal2_Hard,928,0,1,0.01634839277872123,0.06233627727892739,0.0,1,0,100,0,1927
Ideal2_Hard,929,0,0,0.07108955173334884,0.01877332856765004,0.0,1,1,1001,0,1928
Ideal2_Hard,930,0,0,0.028397861996297038,0.007253963285300894,0.0,1,1,10010,0,1929
Ideal2_Hard,931,0,1,0.017108884019594876,0.06509445560460592,0.0,1,0,100100,0,1930
Ideal2_Hard,932,0,1,0.0737925664925138,0.24166993232013143,0.0,1,0,1001001,0,1931
Ideal2_Hard,933,0,0,0.2468365336737288,0.07572856595959346,0.0,0,1,10010011,0,1932
Ideal2_Hard,934,0,1,0.0842139946404016,0.2689164045956133,0.0,1,0,100100110,0,1933
Ideal2_Hard,935,0,0,0.273538076503701,0.08603488102723651,0.0,0,1,1001001101,0,1934
Ideal2_Hard,936,0,0,0.09431418340669179,0.025373345631845373,0.0,0,1,10011010,0,1935
Ideal2_Hard,937,0,0,0.03486587871920847,0.008950520501511738,0.0,1,1,100110100,0,1936
Ideal2_Hard,938,0,1,0.0187715100914815,0.07108303276526706,0.0,1,0,1001101000,0,1937
Ideal2_Hard,939,0,0,0.07966137210996173,0.021180812465015623,0.0,1,1,11010001,0,1938
Ideal2_Hard,940,0,1,0.030757196215715314,0.11263570905038457,0.0,1,0,110100010,0,1939
Ideal2_Hard,941,0,0,0.12038299486937688,0.03308269405924352,0.0,1,1,1101000101,0,1940
Ideal2_Hard,942,0,0,0.04242104017805865,0.01095376254529068,0.0,1,1,1010001010,0,1941
Ideal2_Hard,943,0,0,0.020734687294384865,0.0052655565753619805,0.0,1,1,100010100,0,1942
Ideal2_Hard,944,0,0,0.01516024544385474,0.0038336506748461847,0.0,1,1,1000101000,0,1943
Ideal2_Hard,945,0,0,0.01375697766134926,0.0034750995656591165,0.0,1,1,1010000,0,1944
Ideal2_Hard,946,0,0,0.013405597574345934,0.0033854372506328706,0.0,1,1,10100000,0,1945
Ideal2_Hard,947,0,0,0.013317728505620215,0.0033630229968274815,0.0,1,1,101000000,0,1946
Ideal2_Hard,948,0,0,0.013295762536890932,0.003357420230816853,0.0,1,1,1010000000,0,1947
Ideal2_Hard,949,0,0,0.013290271826200517,0.003356019767776012,0.0,1,1,100000000,0,1948
Ideal2_Hard,950,0,0,0.01328889937242049,0.0033556697109419623,0.0,1,1,1000000000,0,1949
Ideal2_Hard,951,0,0,0.013288556316723122,0.0033555822115762233,0.0,1,1,0,0,1950
Ideal2_Hard,952,0,0,0.0132884705673447,0.0033555603404519575,0.0,1,1,0,0,1951
Ideal2_Hard,953,0,0,0.01328844913364292,0.00335555487360047,0.0,1,1,0,0,1952
Ideal2_Hard,954,1,1,0.01328844377612846,0.05111601810651009,0.0,1,0,0,0,1953
Ideal2_Hard,955,1,1,0.060093697744379886,0.20365893544821753,0.0,1,0,1,0,1954
Ideal2_Hard,956,1,0,0.20958575673925317,0.06216869372464052,0.0,0,1,11,0,1955
Ideal2_Hard,957,1,1,0.0709253198501477,0.23392719584065175,0.0,1,0,110,0,1956
Ideal2_Hard,958,1,1,0.2392486519238387,0.5571223174648815,0.0,0,0,1101,0,1957
Ideal2_Hard,959,1,0,0.5559798711155838,0.2384071503026014,1.0,0,1,11011,0,1958
Ideal2_Hard,960,1,0,0.24363900729654936,0.07452824199567472,0.0,0,1,110110,0,1959
Ideal2_Hard,961,1,1,0.08303767715576121,0.26590924940786237,0.0,1,0,1101100,0,1960
Ideal2_Hard,962,1,1,0.2705910644197051,0.597406044921001,0.0,1,0,11011001,0,1961
Ideal2_Hard,963,1,0,0.595457924022581,0.2689965977584196,1.0,0,0,110110011,1,1962
Ideal2_Hard,964,1,1,0.2736166658032512,0.6010745886645996,0.0,0,1,1101100110,1,1963
Ideal2_Hard,965,1,0,0.5990530968913077,0.2719457173435741,1.0,0,0,1011001101,1,1964
Ideal2_Hard,966,1,1,0.2765068029967026,0.604544888677867,0.0,0,0,110011010,0,1965
Ideal2_Hard,967,1,1,0.6024539909043096,0.85839161000264,1.0,0,1,1100110101,1,1966
Ideal2_Hard,968,1,1,0.8512237778025872,0.9581345014101952,1.0,1,1,1001101011,1,1967
Ideal2_Hard,969,1,1,0.9489718113819914,0.9867352975412268,1.0,1,1,11010111,1,1968
Ideal2_Hard,970,1,0,0.9770005915904022,0.9139403308001739,1.0,1,0,110101111,1,1969
Ideal2_Hard,971,1,1,0.9056615241841703,0.9746196213693065,1.0,1,1,1101011110,1,1970
Ideal2_Hard,972,1,1,0.9651272289419203,0.9910476626267408,1.0,1,1,1010111101,1,1971
Ideal2_Hard,973,1,0,0.981226709374206,0.928910584281905,1.0,1,0,101111011,1,1972
Ideal2_Hard,974,1,1,0.9203323725962669,0.9788174186502508,1.0,1,1,1011110110,1,1973
Ideal2_Hard,975,1,0,0.9692410702772459,0.8873584789944089,1.0,1,0,111101101,1,1974
Ideal2_Hard,976,1,1,0.8796113094145208,0.9669155853332417,1.0,1,1,1111011010,1,1975
Ideal2_Hard,977,1,1,0.957577273626577,0.9890457877447898,1.0,1,1,1110110101,1,1976
Ideal2_Hard,978,1,0,0.979264871989894,0.9219166902301669,1.0,1,0,1101101011,1,1977
Ideal2_Hard,979,1,1,0.9134783564255636,0.9768685615518069,1.0,1,1,1011010110,1,1978
Ideal2_Hard,980,1,1,0.9673311903207709,0.991627661838722,1.0,1,1,110101101,1,1979
Ideal2_Hard,981,1,0,0.9817951086019475,0.9309514959595533,1.0,1,0,1101011011,1,1980
Ideal2_Hard,982,1,1,0.9223324660403622,0.9793821110685191,1.0,1,1,1010110110,1,1981
Ideal2_Hard,983,1,0,0.9697944688471488,0.8892166822547097,1.0,1,0,101101101,1,1982
Ideal2_Hard,984,1,1,0.8814323486096155,0.9674648773414084,1.0,1,1,1011011010,1,1983
Ideal2_Hard,985,1,0,0.9581155797945803,0.8511640425312166,1.0,1,0,110110101,1,1984
Ideal2_Hard,986,1,1,0.8441407616805923,0.9558775181043894,1.0,1,1,1101101010,1,1985
Ideal2_Hard,987,1,1,0.9467599677423016,0.9861364188029726,1.0,1,1,1011010101,1,1986
Ideal2_Hard,988,1,1,0.9764136904269132,0.99399723530697,1.0,1,1,110101011,1,1987
Ideal2_Hard,989,1,1,0.9841172906008305,0.9959814535966591,1.0,1,1,1101010111,1,1988
Ideal2_Hard,990,1,1,0.9860618245247259,0.9964786451851919,1.0,1,1,1010101111,1,1989
Ideal2_Hard,991,1,1,0.986549072281488,0.9966029984536776,1.0,1,1,101011111,1,1990
Ideal2_Hard,992,1,1,0.9866709384846041,0.9966340862677566,1.0,1,1,1010111111,1,1991
Ideal2_Hard,993,1,1,0.9867014045424015,0.9966418571986473,1.0,1,1,101111111,1,1992
Ideal2_Hard,994,1,1,0.9867090200546744,0.9966437996197084,1.0,1,1,1011111111,1,1993
Ideal2_Hard,995,1,1,0.9867109236273142,0.9966442851435695,1.0,1,1,111111111,1,1994
Ideal2_Hard,996,1,1,0.9867113994406982,0.9966444065039683,1.0,1,1,1111111111,1,1995
Ideal2_Hard,997,1,1,0.986711518373889,0.9966444368389138,1.0,1,1,1111111111,1,1996
Ideal2_Hard,998,1,1,0.9867115481021356,0.9966444444213609,1.0,1,1,1111111111,1,1997
Ideal2_Hard,999,1,1,0.9867115555329338,0.9966444463166504,1.0,1,1,1111111111,1,1998
Ideal2_Hard,1000,1,1,0.9867115573903174,0.9966444467903922,1.0,1,1,1111111111,1,1999
